date,TSS,CTL,ATL,TSB,duration
06.02.20,3,,,,"0:02:57,000"
07.02.20,92,2,14,0,"1:28:27,000"
08.02.20,125,5,29,-11,"1:50:44,844"
09.02.20,,5,25,-24,
10.02.20,,5,22,-20,
11.02.20,,5,19,-17,
12.02.20,,5,16,-14,
13.02.20,124,8,31,-11,"1:48:57,000"
14.02.20,,7,27,-24,
15.02.20,127,10,41,-19,"1:47:35,519"
16.02.20,,10,35,-31,
17.02.20,95,12,44,-25,"1:16:17,000"
18.02.20,,12,38,-32,
19.02.20,,11,32,-26,
20.02.20,189,16,55,-21,"2:20:32,000"
21.02.20,,15,47,-39,
22.02.20,,15,40,-31,
23.02.20,,15,34,-25,
24.02.20,,14,29,-20,
25.02.20,113,17,41,-15,"1:36:09,000"
26.02.20,,16,35,-25,
27.02.20,,16,30,-19,
28.02.20,,15,26,-15,
29.02.20,101,17,37,-11,"1:14:52,241"
01.03.20,150,21,53,-19,"1:55:34,183"
02.03.20,,20,45,-32,
03.03.20,,20,39,-25,
04.03.20,,19,33,-19,
05.03.20,,19,29,-14,
06.03.20,,18,24,-10,
07.03.20,,18,21,-6,
08.03.20,34,18,23,-3,"0:26:50,000"
09.03.20,,18,20,-5,
10.03.20,,17,17,-2,
11.03.20,,17,14,1,
12.03.20,,17,12,3,
13.03.20,,16,11,4,
14.03.20,,16,9,6,
15.03.20,,15,8,7,
16.03.20,,15,7,8,
17.03.20,,15,6,8,
18.03.20,,14,5,9,
19.03.20,,14,4,9,
20.03.20,60,15,12,10,"0:47:24,953"
21.03.20,,15,10,3,
22.03.20,,14,9,4,
23.03.20,,14,8,5,
24.03.20,,14,7,6,
25.03.20,,13,6,7,
26.03.20,,13,5,8,
27.03.20,,13,4,8,
28.03.20,62,14,12,9,"0:54:38,000"
29.03.20,,14,11,1,
30.03.20,,13,9,3,
31.03.20,,13,8,4,
01.04.20,,13,7,5,
02.04.20,,12,6,6,
03.04.20,,12,5,7,
04.04.20,,12,4,7,
05.04.20,96,14,17,8,"1:38:53,222"
06.04.20,,13,15,-4,
07.04.20,,13,13,-1,
08.04.20,,13,11,0,
09.04.20,58,14,18,2,"0:50:12,000"
10.04.20,,14,15,-4,
11.04.20,,13,13,-2,
12.04.20,,13,11,0,
13.04.20,,13,10,2,
14.04.20,,12,8,3,
15.04.20,62,13,16,4,"0:51:00,113"
16.04.20,,13,14,-2,
17.04.20,56,14,20,0,"0:51:17,679"
18.04.20,116,17,33,-5,"2:03:27,039"
19.04.20,,16,29,-17,
20.04.20,,16,24,-12,
21.04.20,,15,21,-9,
22.04.20,142,18,38,-6,"2:11:27,000"
23.04.20,,18,33,-20,
24.04.20,30,18,32,-15,"0:45:02,000"
25.04.20,32,19,32,-14,"0:46:08,000"
26.04.20,141,22,48,-14,"2:25:37,493"
27.04.20,,21,41,-26,
28.04.20,31,21,40,-20,"0:45:41,833"
29.04.20,30,21,38,-18,"0:45:11,951"
30.04.20,153,25,55,-17,"2:46:20,051"
01.05.20,,24,47,-30,
02.05.20,31,24,45,-23,"0:45:27,854"
03.05.20,,24,38,-20,
04.05.20,157,27,55,-15,"2:42:51,000"
05.05.20,59,28,56,-28,"1:35:20,074"
06.05.20,,27,48,-28,
07.05.20,43,27,47,-21,"0:45:35,491"
08.05.20,82,29,52,-20,"2:01:05,726"
09.05.20,110,31,60,-24,"3:01:08,075"
10.05.20,,30,52,-30,
11.05.20,,29,44,-22,
12.05.20,92,31,51,-15,"1:59:24,483"
13.05.20,85,32,56,-21,"2:01:46,000"
14.05.20,30,32,52,-24,"0:45:20,000"
15.05.20,62,33,54,-21,"1:27:01,475"
16.05.20,,32,46,-21,
17.05.20,161,35,62,-14,"3:53:01,000"
18.05.20,,34,54,-28,
19.05.20,,33,46,-19,
20.05.20,,32,39,-13,
21.05.20,64,33,43,-7,"1:27:37,152"
22.05.20,,32,37,-10,
23.05.20,,32,32,-4,
24.05.20,,31,27,0,
25.05.20,,30,23,4,
26.05.20,,29,20,7,
27.05.20,142,32,37,10,"2:33:12,000"
28.05.20,,31,32,-5,
29.05.20,,31,27,-1,
30.05.20,,30,23,3,
31.05.20,,29,20,6,
01.06.20,,28,17,9,
02.06.20,92,30,28,11,"1:29:37,712"
03.06.20,,29,24,2,
04.06.20,109,31,36,5,"1:38:46,000"
05.06.20,,30,31,-5,
06.06.20,169,34,51,-1,"2:44:01,347"
07.06.20,,33,43,-17,
08.06.20,121,35,55,-11,"1:57:01,000"
09.06.20,,34,47,-19,
10.06.20,,33,40,-13,
11.06.20,125,36,52,-7,"2:14:39,507"
12.06.20,,35,45,-17,
13.06.20,,34,38,-10,
14.06.20,,33,33,-4,
15.06.20,,32,28,0,
16.06.20,,32,24,4,
17.06.20,,31,21,7,
18.06.20,,30,18,10,
19.06.20,41,30,21,12,"1:00:55,000"
20.06.20,44,31,24,9,"1:01:13,000"
21.06.20,50,31,28,6,"1:01:00,702"
22.06.20,60,32,33,3,"1:25:24,000"
23.06.20,82,33,40,-1,"1:47:09,000"
24.06.20,60,34,43,-7,"1:21:07,230"
25.06.20,90,35,49,-9,"1:50:37,138"
26.06.20,47,35,49,-14,"0:59:26,822"
27.06.20,,34,42,-14,
28.06.20,136,37,55,-8,"3:00:50,000"
29.06.20,26,37,51,-19,"0:40:41,098"
30.06.20,26,36,48,-15,"0:40:09,948"
01.07.20,26,36,45,-11,"0:38:19,961"
02.07.20,79,37,50,-9,"1:37:44,688"
03.07.20,23,37,46,-12,"0:38:31,616"
04.07.20,26,37,43,-9,"0:39:07,666"
05.07.20,86,38,49,-6,"1:55:23,000"
06.07.20,,37,42,-11,
07.07.20,,36,36,-5,
08.07.20,,35,31,0,
09.07.20,,34,27,4,
10.07.20,,33,23,8,
11.07.20,,33,19,11,
12.07.20,29,33,21,13,"0:44:57,501"
13.07.20,26,32,22,12,"0:45:15,708"
14.07.20,167,36,42,11,"3:03:04,670"
15.07.20,,35,36,-7,
16.07.20,,34,31,-2,
17.07.20,,33,27,3,
18.07.20,,32,23,6,
19.07.20,4,32,20,9,"2:05:44,874"
20.07.20,,31,17,12,
21.07.20,20,31,18,14,"0:17:26,000"
22.07.20,,30,15,13,
23.07.20,,29,13,15,
24.07.20,,28,11,16,
25.07.20,,28,10,17,
26.07.20,,27,8,18,
27.07.20,,27,7,19,
28.07.20,3,26,6,19,"0:06:01,000"
29.07.20,,25,5,20,
30.07.20,51,26,12,20,"1:11:41,000"
31.07.20,46,26,17,14,"1:10:31,000"
01.08.20,32,27,19,10,"0:48:01,000"
02.08.20,40,27,22,8,"0:41:01,000"
03.08.20,72,28,29,5,"1:19:21,000"
04.08.20,44,28,31,-1,"0:41:20,000"
05.08.20,47,29,34,-3,"1:10:31,000"
06.08.20,38,29,34,-5,"0:41:09,397"
07.08.20,119,31,46,-5,"2:11:39,000"
08.08.20,48,32,47,-15,"0:45:29,000"
09.08.20,,31,40,-15,
10.08.20,83,32,46,-9,"1:47:43,000"
11.08.20,45,32,46,-14,"0:44:36,000"
12.08.20,,32,39,-14,
13.08.20,47,32,40,-8,"0:45:18,000"
14.08.20,45,32,41,-9,"0:42:17,000"
15.08.20,88,34,48,-9,"1:28:23,000"
16.08.20,,33,41,-14,
17.08.20,51,33,42,-8,"1:00:04,000"
18.08.20,150,36,58,-9,"3:58:28,000"
19.08.20,,35,49,-22,
20.08.20,71,36,53,-14,"1:14:48,219"
21.08.20,91,37,58,-17,"1:49:53,240"
22.08.20,65,38,59,-21,"1:01:08,216"
23.08.20,,37,51,-21,
24.08.20,64,38,52,-14,"1:06:03,000"
25.08.20,143,40,65,-15,"3:38:36,000"
26.08.20,,39,56,-25,
27.08.20,79,40,59,-17,"1:18:02,000"
28.08.20,,39,51,-19,
29.08.20,73,40,54,-12,"1:21:04,002"
30.08.20,,39,46,-14,
31.08.20,65,40,49,-7,"1:09:02,000"
01.09.20,78,41,53,-9,"1:20:59,016"
02.09.20,,40,46,-13,
03.09.20,134,42,58,-6,"2:55:59,215"
04.09.20,,41,50,-16,
05.09.20,79,42,54,-9,"1:18:06,000"
06.09.20,,41,46,-12,
07.09.20,150,43,61,-5,"3:31:46,000"
08.09.20,,42,52,-18,
09.09.20,78,43,56,-10,"1:18:00,028"
10.09.20,79,44,59,-13,"1:19:27,000"
11.09.20,,43,51,-15,
12.09.20,82,44,55,-8,"1:14:00,000"
13.09.20,,43,47,-11,
14.09.20,77,44,51,-4,"1:18:44,000"
15.09.20,79,44,55,-8,"1:18:55,000"
16.09.20,,43,47,-11,
17.09.20,,42,41,-4,
18.09.20,,41,35,2,
19.09.20,89,43,43,7,"1:18:09,000"
20.09.20,,42,36,0,
21.09.20,87,43,44,5,"1:17:51,298"
22.09.20,134,45,57,-1,"2:54:03,137"
23.09.20,,44,49,-12,
24.09.20,85,45,54,-5,"1:17:26,000"
25.09.20,71,45,56,-9,"1:09:46,529"
26.09.20,,44,48,-11,
27.09.20,,43,41,-4,
28.09.20,102,45,50,2,"1:21:27,000"
29.09.20,94,46,56,-5,"1:19:31,283"
30.09.20,,45,48,-10,
01.10.20,210,49,71,-4,"3:45:54,120"
02.10.20,,47,61,-23,
03.10.20,86,48,65,-14,"1:17:20,359"
04.10.20,,47,55,-16,
05.10.20,,46,48,-8,
06.10.20,113,48,57,-1,"1:47:24,305"
07.10.20,,47,49,-9,
08.10.20,90,48,55,-2,"1:15:39,211"
09.10.20,85,48,59,-7,"1:20:24,000"
10.10.20,86,49,63,-11,"2:04:58,000"
11.10.20,,48,54,-13,
12.10.20,92,49,59,-6,"1:17:21,000"
13.10.20,78,50,62,-10,"1:18:13,177"
14.10.20,,49,53,-12,
15.10.20,,48,46,-4,
16.10.20,,46,39,2,
17.10.20,,45,33,7,
18.10.20,93,46,42,12,"1:16:00,278"
19.10.20,93,48,49,5,"1:17:20,018"
20.10.20,79,48,54,-2,"1:18:58,000"
21.10.20,,47,46,-5,
22.10.20,118,49,56,1,"3:04:27,213"
23.10.20,84,50,60,-7,"1:18:14,000"
24.10.20,,49,52,-11,
25.10.20,,47,44,-3,
26.10.20,,46,38,3,
27.10.20,,45,33,8,
28.10.20,,44,28,13,
29.10.20,,43,24,16,
30.10.20,,42,20,19,
31.10.20,,41,18,22,
01.11.20,,40,15,23,
02.11.20,,39,13,25,
03.11.20,,38,11,26,
04.11.20,,37,9,27,
05.11.20,75,38,19,28,"1:16:26,000"
06.11.20,,37,16,19,
07.11.20,125,39,32,21,"2:49:11,000"
08.11.20,,38,27,8,
09.11.20,,37,23,11,
10.11.20,80,38,31,14,"1:15:17,000"
11.11.20,,38,27,7,
12.11.20,78,39,34,11,"1:23:12,000"
13.11.20,,38,29,4,
14.11.20,,37,25,8,
15.11.20,,36,22,12,
16.11.20,88,37,31,14,"1:19:29,826"
17.11.20,43,37,33,6,"0:42:58,000"
18.11.20,83,38,40,5,"1:25:06,000"
19.11.20,44,38,40,-2,"0:43:40,510"
20.11.20,86,40,47,-2,"1:22:54,122"
21.11.20,45,40,47,-7,"0:42:03,000"
22.11.20,,39,40,-7,
23.11.20,,38,34,-1,
24.11.20,60,38,38,4,"1:30:16,136"
25.11.20,30,38,37,0,"0:45:02,967"
26.11.20,42,38,38,1,"1:11:01,000"
27.11.20,42,38,38,1,"1:11:01,000"
28.11.20,,37,33,0,
29.11.20,46,38,35,5,"0:42:17,000"
30.11.20,73,38,40,3,"1:18:44,176"
01.12.20,,38,34,-2,
02.12.20,,37,29,3,
03.12.20,61,37,34,7,"1:10:01,000"
04.12.20,50,38,36,3,"1:04:01,000"
05.12.20,,37,31,1,
06.12.20,64,37,36,6,"1:15:01,000"
07.12.20,56,38,39,1,"0:42:04,000"
08.12.20,40,38,39,-1,"1:00:03,901"
09.12.20,70,39,43,-1,"1:10:01,000"
10.12.20,54,39,45,-5,"1:04:01,000"
11.12.20,48,39,45,-6,"1:12:32,863"
12.12.20,76,40,50,-6,"1:31:01,000"
13.12.20,41,40,49,-10,"1:02:12,862"
14.12.20,75,41,52,-8,"1:52:15,147"
15.12.20,70,42,55,-11,"1:10:01,000"
16.12.20,40,42,53,-13,"1:00:41,000"
17.12.20,40,42,51,-11,"1:00:15,608"
18.12.20,55,42,52,-9,"1:04:01,000"
19.12.20,75,43,55,-10,"1:31:01,000"
20.12.20,44,43,53,-12,"1:01:59,204"
21.12.20,47,43,52,-11,"0:42:33,000"
22.12.20,70,43,55,-10,"1:10:01,000"
23.12.20,56,44,55,-11,"1:04:01,000"
24.12.20,,43,47,-11,
25.12.20,,42,41,-5,
26.12.20,,41,35,1,
27.12.20,,40,30,6,
28.12.20,,39,26,10,
29.12.20,,38,22,13,
30.12.20,,37,19,16,
31.12.20,,36,16,18,
01.01.21,,35,14,20,
02.01.21,43,35,18,21,"1:03:40,445"
03.01.21,,35,15,18,
04.01.21,41,35,19,19,"1:01:37,679"
05.01.21,58,35,25,16,"1:27:20,372"
06.01.21,60,36,30,11,"1:30:10,000"
07.01.21,82,37,37,6,"1:32:08,555"
08.01.21,51,37,39,0,"0:44:11,000"
09.01.21,47,38,40,-2,"1:02:18,000"
10.01.21,56,38,43,-3,"1:04:01,000"
11.01.21,41,38,42,-5,"1:01:08,000"
12.01.21,70,39,46,-4,"1:10:01,000"
13.01.21,61,39,48,-7,"0:45:05,000"
14.01.21,40,39,47,-9,"1:00:23,096"
15.01.21,57,40,49,-8,"1:04:01,000"
16.01.21,64,40,51,-9,"0:45:35,000"
17.01.21,,39,43,-10,
18.01.21,,38,37,-4,
19.01.21,,38,32,1,
20.01.21,,37,27,6,
21.01.21,,36,23,9,
22.01.21,,35,20,12,
23.01.21,,34,17,15,
24.01.21,,33,15,17,
25.01.21,,32,13,18,
26.01.21,,32,11,20,
27.01.21,,31,9,21,
28.01.21,42,31,14,22,"1:01:53,000"
29.01.21,,30,12,17,
30.01.21,42,31,16,19,"1:01:00,000"
31.01.21,42,31,20,15,"1:00:25,977"
01.02.21,41,31,23,11,"1:00:36,939"
02.02.21,,30,20,8,
03.02.21,,30,17,11,
04.02.21,67,31,24,13,"0:50:45,000"
05.02.21,,30,21,7,
06.02.21,,29,18,9,
07.02.21,40,29,21,12,"1:00:05,000"
08.02.21,40,30,24,9,"1:00:26,000"
09.02.21,40,30,26,6,"1:00:21,000"
10.02.21,,29,22,4,
11.02.21,42,30,25,7,"1:02:53,898"
12.02.21,40,30,27,5,"1:00:38,000"
13.02.21,,29,23,3,
14.02.21,,28,20,6,
15.02.21,45,29,24,8,"1:07:06,000"
16.02.21,40,29,26,5,"1:00:32,874"
17.02.21,65,30,32,3,"0:49:13,000"
18.02.21,64,31,36,-2,"0:48:17,230"
19.02.21,,30,31,-5,
20.02.21,40,30,32,-1,"1:00:17,452"
21.02.21,,30,28,-2,
22.02.21,40,30,29,2,"1:00:09,789"
23.02.21,,29,25,0,
24.02.21,84,30,34,4,"1:59:01,380"
25.02.21,40,31,35,-3,"1:00:16,929"
26.02.21,65,31,39,-4,"0:49:55,000"
27.02.21,,31,33,-7,
28.02.21,,30,29,-3,
01.03.21,40,30,30,1,"1:00:14,000"
02.03.21,41,30,32,0,"1:00:11,654"
03.03.21,,30,27,-1,
04.03.21,71,31,33,3,"1:38:40,000"
05.03.21,,30,29,-3,
06.03.21,,29,25,1,
07.03.21,,29,21,5,
08.03.21,41,29,24,7,"1:01:21,489"
09.03.21,41,29,26,5,"1:00:50,103"
10.03.21,,28,23,3,
11.03.21,40,29,25,6,"1:00:27,000"
12.03.21,37,29,27,4,"0:55:48,000"
13.03.21,40,29,29,2,"1:00:10,443"
14.03.21,40,29,30,0,"1:00:11,585"
15.03.21,60,30,35,-1,"1:36:33,047"
16.03.21,40,30,35,-4,"1:00:12,048"
17.03.21,,30,30,-5,
18.03.21,,29,26,-1,
19.03.21,,28,22,3,
20.03.21,,28,19,6,
21.03.21,,27,16,9,
22.03.21,,26,14,11,
23.03.21,,26,12,12,
24.03.21,,25,10,14,
25.03.21,40,25,15,15,"1:00:09,978"
26.03.21,40,26,18,11,"1:00:21,000"
27.03.21,40,26,21,8,"1:00:25,429"
28.03.21,,26,18,5,
29.03.21,40,26,21,7,"1:00:10,000"
30.03.21,54,27,26,4,"0:54:02,000"
31.03.21,40,27,28,0,"1:00:08,556"
01.04.21,64,28,33,-1,"1:43:46,909"
02.04.21,56,28,36,-5,"1:39:40,600"
03.04.21,,28,31,-8,
04.04.21,,27,27,-3,
05.04.21,,26,23,0,
06.04.21,,26,20,3,
07.04.21,,25,17,6,
08.04.21,,25,14,8,
09.04.21,,24,12,10,
10.04.21,40,24,16,12,"1:00:10,975"
11.04.21,,24,14,8,
12.04.21,,23,12,10,
13.04.21,,23,10,11,
14.04.21,40,23,15,12,"1:00:06,000"
15.04.21,40,23,18,9,"1:00:06,000"
16.04.21,41,24,21,5,"1:00:11,370"
17.04.21,41,24,24,2,"1:00:08,000"
18.04.21,,24,21,0,
19.04.21,41,24,24,3,"1:00:16,000"
20.04.21,41,25,26,0,"1:00:14,898"
21.04.21,70,26,32,-2,"1:26:49,467"
22.04.21,,25,28,-7,
23.04.21,70,26,34,-3,"1:31:45,207"
24.04.21,40,26,35,-8,"1:00:17,000"
25.04.21,73,28,40,-8,"1:39:04,000"
26.04.21,,27,34,-13,
27.04.21,40,27,35,-8,"1:00:03,739"
28.04.21,,27,30,-8,
29.04.21,,26,26,-4,
30.04.21,,25,22,0,
01.05.21,40,26,25,3,"1:00:17,000"
02.05.21,,25,21,1,
03.05.21,40,25,24,4,"1:00:18,000"
04.05.21,,25,21,1,
05.05.21,40,25,23,4,"1:00:19,669"
06.05.21,,25,20,2,
07.05.21,41,25,23,5,"1:00:27,402"
08.05.21,73,26,30,2,"2:05:43,000"
09.05.21,,25,26,-4,
10.05.21,83,27,34,0,"2:15:06,279"
11.05.21,40,27,35,-7,"1:00:14,977"
12.05.21,,27,30,-8,
13.05.21,60,27,34,-3,"1:30:05,580"
14.05.21,56,28,37,-7,"1:49:43,476"
15.05.21,,27,32,-9,
16.05.21,53,28,35,-5,"1:39:27,000"
17.05.21,,27,30,-7,
18.05.21,69,28,36,-3,"1:41:37,001"
19.05.21,,28,30,-7,
20.05.21,,27,26,-3,
21.05.21,81,28,34,1,"2:28:25,936"
22.05.21,,28,29,-6,
23.05.21,59,28,33,-2,"1:38:45,000"
24.05.21,41,29,34,-5,"1:00:07,000"
25.05.21,63,29,39,-6,"1:14:12,000"
26.05.21,,29,33,-9,
27.05.21,67,30,38,-4,"1:18:01,258"
28.05.21,,29,32,-8,
29.05.21,,28,28,-4,
30.05.21,71,29,34,0,"1:27:24,000"
31.05.21,,29,29,-5,
01.06.21,76,30,36,-1,"2:01:29,343"
02.06.21,,29,31,-6,
03.06.21,76,30,37,-2,"2:02:25,000"
04.06.21,,29,32,-7,
05.06.21,65,30,37,-2,"1:22:29,617"
06.06.21,,30,31,-6,
07.06.21,72,31,37,-2,"2:23:12,000"
08.06.21,,30,32,-7,
09.06.21,,29,27,-2,
10.06.21,,28,23,2,
11.06.21,,28,20,5,
12.06.21,,27,17,8,
13.06.21,,26,15,10,
14.06.21,,26,13,12,
15.06.21,,25,11,13,
16.06.21,,25,9,14,
17.06.21,,24,8,15,
18.06.21,,23,7,16,
19.06.21,82,25,18,17,"2:41:51,000"
20.06.21,24,25,19,7,"0:30:31,000"
21.06.21,11,24,17,6,"0:16:33,923"
22.06.21,14,24,17,7,"0:20:46,682"
23.06.21,,24,15,7,
24.06.21,18,24,15,9,"0:20:38,925"
25.06.21,18,23,15,8,"0:21:19,000"
26.06.21,53,24,21,8,"1:29:33,000"
27.06.21,,24,18,3,
28.06.21,90,25,28,6,"1:55:04,197"
29.06.21,23,25,27,-3,"0:29:14,000"
30.06.21,,24,23,-2,
01.07.21,80,26,32,1,"1:28:01,064"
02.07.21,,25,27,-6,
03.07.21,71,26,33,-2,"1:30:31,301"
04.07.21,,26,29,-7,
05.07.21,70,27,34,-3,"1:16:33,393"
06.07.21,,26,30,-8,
07.07.21,71,27,35,-3,"1:11:27,000"
08.07.21,21,27,33,-8,"0:27:22,711"
09.07.21,82,28,40,-6,"1:39:14,386"
10.07.21,,28,34,-12,
11.07.21,,27,30,-7,
12.07.21,81,28,37,-3,"1:19:46,000"
13.07.21,,28,32,-9,
14.07.21,75,29,38,-4,"1:13:07,000"
15.07.21,,28,32,-9,
16.07.21,84,29,40,-4,"1:24:08,000"
17.07.21,,29,34,-11,
18.07.21,,28,29,-6,
19.07.21,77,29,36,-1,"1:49:47,285"
20.07.21,15,29,33,-7,"0:19:01,000"
21.07.21,89,30,41,-4,"1:22:20,833"
22.07.21,,30,35,-11,
23.07.21,,29,30,-6,
24.07.21,81,30,37,-1,"1:19:25,000"
25.07.21,,29,32,-7,
26.07.21,84,31,40,-3,"1:25:51,216"
27.07.21,,30,34,-9,
28.07.21,90,31,42,-4,"1:22:05,000"
29.07.21,10,31,37,-11,"0:15:00,785"
30.07.21,,30,32,-7,
31.07.21,92,32,41,-2,"1:27:13,000"
01.08.21,,31,35,-9,
02.08.21,102,33,44,-4,"1:35:49,000"
03.08.21,115,34,54,-12,"1:37:36,000"
04.08.21,,34,47,-20,
05.08.21,,33,40,-13,
06.08.21,,32,34,-7,
07.08.21,127,34,48,-2,"3:39:20,000"
08.08.21,,34,41,-13,
09.08.21,96,35,49,-7,"1:26:01,571"
10.08.21,,34,42,-14,
11.08.21,105,36,51,-8,"1:48:51,651"
12.08.21,,35,43,-15,
13.08.21,135,37,57,-8,"4:01:50,313"
14.08.21,,36,48,-19,
15.08.21,,36,42,-12,
16.08.21,84,37,48,-6,"1:08:30,000"
17.08.21,96,38,55,-11,"1:26:38,240"
18.08.21,,37,47,-16,
19.08.21,20,37,43,-9,"0:18:26,402"
20.08.21,,36,37,-6,
21.08.21,117,38,48,-1,"1:51:28,000"
22.08.21,,37,41,-10,
23.08.21,,36,35,-4,
24.08.21,,35,30,1,
25.08.21,118,37,43,5,"1:47:44,331"
26.08.21,,36,37,-6,
27.08.21,,35,32,0,
28.08.21,122,38,44,4,"1:53:41,000"
29.08.21,8,37,39,-7,"0:12:01,000"
30.08.21,,36,34,-2,
31.08.21,93,37,42,2,"1:25:53,000"
01.09.21,,36,36,-5,
02.09.21,65,37,40,0,"1:03:40,453"
03.09.21,,36,35,-3,
04.09.21,108,38,45,2,"1:56:28,000"
05.09.21,,37,39,-7,
06.09.21,,36,33,-2,
07.09.21,,35,28,3,
08.09.21,,34,24,7,
09.09.21,19,34,24,10,"0:34:37,000"
10.09.21,50,34,27,11,"0:50:34,359"
11.09.21,19,34,26,7,"0:35:25,544"
12.09.21,68,35,32,8,"1:26:00,102"
13.09.21,,34,28,3,
14.09.21,84,35,36,7,"1:18:56,034"
15.09.21,58,36,39,0,"0:38:27,403"
16.09.21,20,35,36,-3,"0:35:41,732"
17.09.21,109,37,46,-1,"2:47:34,000"
18.09.21,69,38,50,-9,"0:58:30,000"
19.09.21,20,38,45,-12,"0:37:59,000"
20.09.21,,37,39,-8,
21.09.21,,36,33,-2,
22.09.21,,35,29,2,
23.09.21,,34,24,6,
24.09.21,,33,21,10,
25.09.21,,32,18,12,
26.09.21,,32,15,14,
27.09.21,,31,13,16,
28.09.21,,30,11,18,
29.09.21,,29,10,19,
30.09.21,,29,8,20,
01.10.21,,28,7,20,
02.10.21,71,29,16,21,"1:52:27,000"
03.10.21,22,29,17,13,"0:39:36,000"
04.10.21,19,29,17,12,"0:32:46,000"
05.10.21,78,30,26,11,"1:35:39,000"
06.10.21,,29,22,4,
07.10.21,18,29,22,7,"0:32:28,000"
08.10.21,48,29,25,7,"0:52:11,000"
09.10.21,60,30,30,4,"1:32:49,111"
10.10.21,,29,26,0,
11.10.21,20,29,25,3,"0:33:32,000"
12.10.21,78,30,33,4,"1:14:19,582"
13.10.21,20,30,31,-2,"0:33:49,000"
14.10.21,65,31,36,-1,"0:55:39,000"
15.10.21,,30,31,-5,
16.10.21,68,31,36,0,"2:02:51,000"
17.10.21,19,31,33,-5,"0:32:52,000"
18.10.21,,30,29,-3,
19.10.21,76,31,35,1,"1:04:41,000"
20.10.21,17,31,33,-4,"0:32:31,000"
21.10.21,58,31,36,-2,"0:59:45,000"
22.10.21,18,31,34,-5,"0:31:43,000"
23.10.21,75,32,40,-3,"2:02:49,186"
24.10.21,,31,34,-8,
25.10.21,,31,29,-3,
26.10.21,71,32,35,1,"0:59:15,119"
27.10.21,18,31,33,-4,"0:33:29,000"
28.10.21,,31,28,-1,
29.10.21,,30,24,3,
30.10.21,65,31,30,6,"1:23:55,654"
31.10.21,67,32,35,1,"1:01:33,791"
01.11.21,,31,30,-4,
02.11.21,77,32,37,1,"1:15:44,061"
03.11.21,17,32,34,-5,"0:31:39,685"
04.11.21,76,33,40,-3,"1:05:13,000"
05.11.21,17,32,37,-7,"0:30:52,000"
06.11.21,,31,31,-5,
07.11.21,78,33,38,0,"1:59:19,266"
08.11.21,,32,33,-6,
09.11.21,70,33,38,-1,"1:01:15,000"
10.11.21,18,32,35,-5,"0:32:34,000"
11.11.21,73,33,41,-3,"1:12:29,255"
12.11.21,18,33,37,-7,"0:32:31,932"
13.11.21,90,34,45,-4,"2:03:40,000"
14.11.21,,33,38,-11,
15.11.21,,33,33,-5,
16.11.21,87,34,41,0,"1:48:51,414"
17.11.21,24,34,38,-7,"1:09:47,994"
18.11.21,60,34,41,-5,"1:20:56,809"
19.11.21,28,34,39,-7,"1:03:57,672"
20.11.21,68,35,44,-5,"2:28:15,000"
21.11.21,6,34,38,-9,"0:29:33,000"
22.11.21,,33,33,-4,
23.11.21,60,34,37,1,"1:26:54,995"
24.11.21,18,34,34,-3,"0:32:40,999"
25.11.21,65,34,38,0,"1:14:31,372"
26.11.21,33,34,38,-4,"1:28:16,937"
27.11.21,69,35,42,-3,"2:42:56,000"
28.11.21,9,35,37,-7,"0:37:18,000"
29.11.21,,34,32,-3,
30.11.21,59,34,36,2,"1:33:25,000"
01.12.21,19,34,33,-1,"0:32:08,000"
02.12.21,94,35,42,1,"2:20:22,098"
03.12.21,36,36,41,-7,"1:35:57,891"
04.12.21,81,37,47,-6,"3:17:28,859"
05.12.21,28,36,44,-10,"1:39:45,431"
06.12.21,15,36,40,-8,"0:47:33,000"
07.12.21,73,37,45,-4,"1:42:22,603"
08.12.21,41,37,44,-8,"1:50:19,068"
09.12.21,50,37,45,-7,"1:31:52,000"
10.12.21,45,37,45,-8,"2:07:11,047"
11.12.21,107,39,54,-8,"2:19:34,956"
12.12.21,22,39,49,-15,"1:49:09,933"
13.12.21,,38,42,-11,
14.12.21,75,39,47,-5,"1:55:20,546"
15.12.21,24,38,44,-8,"1:17:09,000"
16.12.21,82,39,49,-5,"2:11:17,000"
17.12.21,31,39,47,-10,"2:30:39,284"
18.12.21,69,40,50,-7,"2:56:09,836"
19.12.21,17,39,45,-10,"1:42:56,000"
20.12.21,104,41,54,-6,"1:23:47,502"
21.12.21,89,42,59,-13,"2:00:24,000"
22.12.21,34,42,55,-17,"1:23:31,238"
23.12.21,69,42,57,-13,"1:50:46,205"
24.12.21,12,42,51,-15,"0:49:22,000"
25.12.21,26,41,47,-9,"1:31:24,204"
26.12.21,92,43,54,-6,"3:22:23,873"
27.12.21,12,42,48,-11,"0:48:47,111"
28.12.21,90,43,54,-6,"1:53:20,000"
29.12.21,12,42,48,-11,"0:44:46,000"
30.12.21,78,43,52,-6,"1:38:35,637"
31.12.21,31,43,49,-9,"1:23:29,708"
01.01.22,91,44,55,-6,"3:14:18,287"
02.01.22,19,43,50,-11,"0:33:00,000"
03.01.22,4,42,43,-7,"0:30:39,000"
04.01.22,71,43,47,-1,"1:32:02,826"
05.01.22,31,43,45,-4,"1:26:14,141"
06.01.22,76,44,50,-2,"1:54:13,000"
07.01.22,34,43,47,-6,"1:23:46,000"
08.01.22,91,45,54,-4,"3:21:50,000"
09.01.22,13,44,48,-9,"0:49:44,139"
10.01.22,8,43,42,-4,"0:30:19,683"
11.01.22,61,43,45,1,"1:30:35,000"
12.01.22,24,43,42,-1,"0:42:09,000"
13.01.22,57,43,44,1,"1:37:04,368"
14.01.22,32,43,42,-1,"1:25:00,023"
15.01.22,64,43,45,1,"2:30:52,585"
16.01.22,10,43,40,-2,"1:16:52,000"
17.01.22,,42,35,2,
18.01.22,92,43,43,7,"1:58:22,899"
19.01.22,18,42,39,0,"0:33:52,961"
20.01.22,81,43,45,3,"1:42:57,000"
21.01.22,18,43,41,-2,"0:32:04,000"
22.01.22,78,43,47,1,"2:30:01,000"
23.01.22,71,44,50,-3,"1:37:08,000"
24.01.22,13,43,45,-6,"0:51:56,000"
25.01.22,87,44,51,-1,"1:15:01,000"
26.01.22,18,44,46,-6,"0:32:59,000"
27.01.22,97,45,53,-2,"1:55:54,448"
28.01.22,19,44,48,-8,"0:32:38,000"
29.01.22,93,46,55,-4,"2:59:48,051"
30.01.22,66,46,56,-9,"1:23:15,000"
31.01.22,,45,48,-10,
01.02.22,85,46,54,-3,"1:57:09,159"
02.02.22,17,45,48,-8,"0:32:46,000"
03.02.22,113,47,58,-3,"3:17:34,366"
04.02.22,17,46,52,-11,"0:33:03,000"
05.02.22,116,48,61,-6,"3:18:19,000"
06.02.22,61,48,61,-13,"1:50:22,000"
07.02.22,11,47,54,-13,"0:49:02,477"
08.02.22,91,48,59,-7,"2:04:45,153"
09.02.22,20,48,54,-11,"0:34:40,000"
10.02.22,64,48,55,-6,"2:17:00,000"
11.02.22,,47,47,-7,
12.02.22,,46,40,0,
13.02.22,,45,35,5,
14.02.22,,44,30,10,
15.02.22,,43,25,14,
16.02.22,,41,22,17,
17.02.22,,41,19,20,
18.02.22,14,40,18,22,"0:49:24,826"
19.02.22,52,40,23,22,"1:30:01,000"
20.02.22,,39,20,17,
21.02.22,,38,17,20,
22.02.22,62,39,23,21,"1:45:42,367"
23.02.22,31,39,24,16,"2:00:54,000"
24.02.22,84,40,33,14,"1:56:56,000"
25.02.22,,39,28,7,
26.02.22,21,38,27,11,"0:32:58,000"
27.02.22,,37,23,11,
28.02.22,,37,20,14,
01.03.22,9,36,18,17,"0:30:20,000"
02.03.22,,35,16,18,
03.03.22,13,34,15,19,"0:46:15,276"
04.03.22,,34,13,19,
05.03.22,,33,11,21,
06.03.22,12,32,11,22,"0:48:40,000"
07.03.22,,32,10,21,
08.03.22,63,32,17,22,"2:18:18,329"
09.03.22,7,32,16,15,"0:22:25,000"
10.03.22,48,32,21,16,"1:00:01,000"
11.03.22,17,32,20,12,"0:33:00,000"
12.03.22,65,33,27,12,"2:08:38,692"
13.03.22,32,33,27,6,"1:14:04,519"
14.03.22,,32,23,5,
15.03.22,61,32,29,8,"1:43:37,000"
16.03.22,19,32,27,4,"0:33:47,000"
17.03.22,69,33,33,5,"1:47:15,595"
18.03.22,35,33,34,0,"1:20:03,724"
19.03.22,71,34,39,0,"2:39:16,000"
20.03.22,,33,33,-5,
21.03.22,,32,29,0,
22.03.22,60,33,33,4,"1:40:59,560"
23.03.22,19,33,31,0,"0:33:19,000"
24.03.22,96,34,40,2,"2:29:25,842"
25.03.22,29,34,39,-6,"1:20:57,400"
26.03.22,108,36,49,-5,"2:44:59,149"
27.03.22,,35,42,-13,
28.03.22,61,36,44,-7,"1:54:25,014"
29.03.22,30,36,42,-9,"1:15:45,817"
30.03.22,59,36,45,-7,"1:07:01,000"
31.03.22,,35,38,-9,
01.04.22,31,35,37,-3,"1:23:56,966"
02.04.22,81,36,44,-2,"2:46:49,000"
03.04.22,,35,37,-7,
04.04.22,,34,32,-2,
05.04.22,74,35,38,3,"1:47:14,644"
06.04.22,18,35,35,-3,"0:33:00,000"
07.04.22,63,36,39,0,"1:45:30,000"
08.04.22,32,36,38,-3,"1:13:25,953"
09.04.22,82,37,44,-2,"2:46:13,000"
10.04.22,13,36,40,-8,"0:49:30,487"
11.04.22,14,36,36,-4,"0:57:28,000"
12.04.22,78,37,42,-1,"1:57:51,000"
13.04.22,22,36,39,-6,"0:33:56,744"
14.04.22,120,38,51,-3,"2:47:34,898"
15.04.22,33,38,48,-13,"1:29:33,000"
16.04.22,79,39,53,-10,"1:15:01,000"
17.04.22,22,39,48,-14,"1:21:16,000"
18.04.22,13,38,43,-10,"0:47:55,000"
19.04.22,80,39,49,-5,"1:17:01,000"
20.04.22,18,39,44,-9,"0:34:00,000"
21.04.22,117,40,55,-6,"3:31:53,106"
22.04.22,31,40,51,-14,"1:19:57,000"
23.04.22,78,41,55,-11,"1:05:01,000"
24.04.22,21,41,50,-14,"1:25:28,759"
25.04.22,12,40,45,-10,"0:58:09,965"
26.04.22,101,41,53,-5,"2:11:19,200"
27.04.22,18,41,48,-11,"0:33:50,000"
28.04.22,61,41,50,-7,"1:36:22,000"
29.04.22,31,41,47,-8,"1:19:27,984"
30.04.22,142,44,61,-6,"3:48:28,503"
01.05.22,56,44,60,-17,"1:54:49,405"
02.05.22,,43,51,-16,
03.05.22,82,44,56,-9,"1:52:56,000"
04.05.22,28,43,52,-12,"1:48:46,621"
05.05.22,73,44,55,-9,"1:41:23,474"
06.05.22,,43,47,-11,
07.05.22,,42,40,-4,
08.05.22,,41,35,2,
09.05.22,,40,30,6,
10.05.22,,39,25,10,
11.05.22,,38,22,14,
12.05.22,,37,19,16,
13.05.22,9,37,17,19,"0:45:38,000"
14.05.22,,36,15,19,
15.05.22,,35,13,21,
16.05.22,80,36,22,22,"1:17:01,000"
17.05.22,18,36,22,14,"0:33:52,874"
18.05.22,,35,19,14,
19.05.22,,34,16,16,
20.05.22,22,34,17,18,"0:56:57,356"
21.05.22,94,35,28,17,"3:11:49,325"
22.05.22,,34,24,7,
23.05.22,7,34,21,10,"0:46:32,752"
24.05.22,89,35,31,12,"1:23:01,000"
25.05.22,18,34,29,4,"0:34:16,000"
26.05.22,59,35,34,5,"1:19:25,000"
27.05.22,24,35,32,2,"1:03:51,648"
28.05.22,93,36,41,3,"2:55:11,000"
29.05.22,49,36,42,-5,"1:00:01,000"
30.05.22,6,36,37,-6,"0:23:39,483"
31.05.22,75,37,42,-1,"1:36:24,000"
01.06.22,25,36,40,-6,"0:59:42,986"
02.06.22,70,37,44,-3,"1:44:44,585"
03.06.22,25,37,42,-7,"0:58:44,867"
04.06.22,86,38,48,-5,"2:30:01,000"
05.06.22,49,38,48,-10,"1:00:01,000"
06.06.22,,37,41,-10,
07.06.22,80,38,47,-4,"1:17:01,000"
08.06.22,26,38,44,-8,"1:08:45,651"
09.06.22,45,38,44,-6,"1:11:07,000"
10.06.22,18,38,40,-6,"0:33:13,000"
11.06.22,77,39,46,-2,"2:20:34,618"
12.06.22,,38,39,-7,
13.06.22,80,39,45,-1,"1:07:01,000"
14.06.22,26,39,42,-6,"1:06:02,415"
15.06.22,,38,36,-4,
16.06.22,,37,31,2,
17.06.22,5,36,27,6,"0:31:56,000"
18.06.22,,35,23,9,
19.06.22,70,36,30,12,"0:56:01,000"
20.06.22,19,36,28,6,"0:33:01,000"
21.06.22,62,36,33,7,"1:17:31,219"
22.06.22,,35,29,3,
23.06.22,,34,24,7,
24.06.22,,34,21,10,
25.06.22,6,33,19,13,"0:26:42,751"
26.06.22,108,35,32,14,"2:05:10,000"
27.06.22,,34,27,3,
28.06.22,88,35,36,7,"1:11:01,000"
29.06.22,22,35,34,0,"0:46:30,246"
30.06.22,61,36,38,1,"1:22:00,000"
01.07.22,,35,32,-2,
02.07.22,,34,28,2,
03.07.22,,33,24,6,
04.07.22,,32,20,9,
05.07.22,,31,17,12,
06.07.22,,31,15,14,
07.07.22,,30,13,16,
08.07.22,,29,11,17,
09.07.22,,29,9,18,
10.07.22,,28,8,19,
11.07.22,,27,7,20,
12.07.22,,27,6,20,
13.07.22,74,28,16,21,"1:23:39,134"
14.07.22,20,28,16,12,"0:33:04,840"
15.07.22,92,29,27,11,"1:17:01,000"
16.07.22,38,29,29,2,"1:07:26,819"
17.07.22,54,30,32,1,"0:51:01,000"
18.07.22,,29,28,-2,
19.07.22,64,30,33,1,"0:56:01,000"
20.07.22,23,30,31,-3,"0:35:21,294"
21.07.22,100,32,41,-2,"2:25:27,313"
22.07.22,39,32,41,-10,"1:02:36,557"
23.07.22,83,33,47,-9,"1:09:01,000"
24.07.22,,32,40,-14,
25.07.22,17,32,37,-8,"0:25:59,503"
26.07.22,82,33,43,-5,"1:05:01,000"
27.07.22,19,33,40,-10,"0:33:09,000"
28.07.22,141,35,54,-7,"2:28:45,415"
29.07.22,81,36,58,-19,"1:58:51,821"
30.07.22,88,38,62,-22,"1:11:01,000"
31.07.22,84,39,65,-25,"1:42:25,000"
01.08.22,5,38,57,-27,"0:25:21,422"
02.08.22,39,38,54,-19,"1:14:14,000"
03.08.22,7,37,48,-16,"0:28:12,000"
04.08.22,110,39,57,-10,"2:39:58,375"
05.08.22,,38,48,-18,
06.08.22,6,37,42,-10,"0:25:30,282"
07.08.22,33,37,41,-5,"1:13:24,501"
08.08.22,6,36,36,-4,"0:31:08,185"
09.08.22,86,38,43,0,"1:43:46,000"
10.08.22,,37,37,-6,
11.08.22,,36,32,0,
12.08.22,89,37,40,4,"1:47:25,648"
13.08.22,20,37,37,-3,"0:33:19,983"
14.08.22,57,37,40,0,"1:00:01,000"
15.08.22,,36,34,-3,
16.08.22,99,38,44,2,"2:07:13,000"
17.08.22,19,37,40,-6,"0:33:53,000"
18.08.22,71,38,45,-3,"1:00:01,000"
19.08.22,18,38,41,-6,"0:33:04,000"
20.08.22,70,38,45,-3,"0:58:06,251"
21.08.22,56,39,47,-7,"1:00:01,000"
22.08.22,,38,40,-8,
23.08.22,82,39,46,-2,"1:05:01,000"
24.08.22,23,39,43,-7,"0:39:37,000"
25.08.22,102,40,51,-4,"1:37:17,000"
26.08.22,41,40,50,-11,"1:04:56,098"
27.08.22,132,42,61,-10,"1:58:54,000"
28.08.22,57,43,61,-19,"1:00:01,000"
29.08.22,,42,52,-18,
30.08.22,57,42,53,-10,"1:00:01,000"
31.08.22,17,41,48,-11,"0:32:38,947"
01.09.22,81,42,52,-6,"1:06:01,000"
02.09.22,20,42,48,-10,"0:33:09,000"
03.09.22,127,44,59,-6,"2:01:20,000"
04.09.22,,43,51,-15,
05.09.22,,42,43,-8,
06.09.22,161,45,60,-2,"2:44:14,429"
07.09.22,19,44,54,-16,"0:33:12,000"
08.09.22,118,46,63,-10,"2:02:44,083"
09.09.22,42,46,60,-18,"1:08:39,502"
10.09.22,84,47,64,-15,"1:05:01,000"
11.09.22,56,47,63,-17,"1:00:01,000"
12.09.22,,46,54,-16,
13.09.22,130,48,65,-8,"2:03:29,000"
14.09.22,18,47,58,-17,"0:33:19,000"
15.09.22,85,48,62,-11,"1:18:57,357"
16.09.22,21,47,56,-14,"0:34:00,000"
17.09.22,,46,48,-9,
18.09.22,84,47,53,-2,"1:09:01,000"
19.09.22,16,46,48,-6,"0:24:19,000"
20.09.22,103,48,56,-2,"1:29:00,782"
21.09.22,18,47,50,-8,"0:32:45,679"
22.09.22,102,48,58,-3,"1:32:46,080"
23.09.22,46,48,56,-10,"1:14:59,000"
24.09.22,144,51,69,-8,"2:35:23,000"
25.09.22,59,51,67,-18,"1:00:01,000"
26.09.22,19,50,61,-17,"0:33:00,000"
27.09.22,,49,52,-11,
28.09.22,,48,44,-3,
29.09.22,,47,38,3,
30.09.22,88,48,45,8,"1:05:01,000"
01.10.22,19,47,41,2,"0:32:55,955"
02.10.22,92,48,49,5,"1:12:01,000"
03.10.22,,47,42,-1,
04.10.22,104,48,51,5,"1:35:36,000"
05.10.22,20,47,46,-3,"0:39:03,000"
06.10.22,205,51,69,1,"3:25:03,342"
07.10.22,36,51,64,-18,"1:01:22,000"
08.10.22,99,52,69,-13,"1:46:50,690"
09.10.22,59,52,68,-17,"1:00:01,000"
10.10.22,,51,58,-16,
11.10.22,103,52,65,-7,"1:18:01,000"
12.10.22,18,51,58,-12,"0:32:48,895"
13.10.22,187,55,76,-7,"3:01:45,000"
14.10.22,17,54,68,-22,"0:32:32,000"
15.10.22,,52,58,-14,
16.10.22,,51,50,-6,
17.10.22,,50,43,1,
18.10.22,,49,37,7,
19.10.22,,48,31,12,
20.10.22,,46,27,16,
21.10.22,,45,23,20,
22.10.22,7,44,21,22,"0:34:38,000"
23.10.22,,43,18,24,
24.10.22,8,43,16,26,"0:41:50,000"
25.10.22,84,44,26,26,"1:49:36,769"
26.10.22,8,43,24,17,"0:33:32,339"
27.10.22,65,43,29,19,"1:00:01,000"
28.10.22,25,43,29,14,"1:01:24,955"
29.10.22,95,44,38,14,"1:59:53,000"
30.10.22,92,45,46,6,"2:02:17,521"
31.10.22,,44,39,-1,
01.11.22,79,45,45,5,"1:02:01,000"
02.11.22,24,44,42,0,"1:05:23,000"
03.11.22,85,45,48,2,"1:06:01,000"
04.11.22,19,45,44,-3,"0:33:21,000"
05.11.22,156,47,60,1,"2:52:03,000"
06.11.22,59,48,60,-13,"1:00:01,000"
07.11.22,,47,51,-12,
08.11.22,83,47,56,-5,"1:04:01,000"
09.11.22,23,47,51,-8,"1:05:47,000"
10.11.22,85,48,56,-4,"1:05:01,000"
11.11.22,17,47,50,-8,"0:32:10,645"
12.11.22,145,49,64,-3,"2:32:36,000"
13.11.22,59,50,63,-15,"1:00:01,000"
14.11.22,,48,54,-14,
15.11.22,88,49,59,-6,"1:06:01,000"
16.11.22,18,49,53,-10,"0:32:33,000"
17.11.22,145,51,66,-5,"2:44:41,000"
18.11.22,19,50,59,-15,"0:33:29,000"
19.11.22,81,51,63,-9,"1:00:01,000"
20.11.22,58,51,62,-12,"1:00:01,000"
21.11.22,,50,53,-11,
22.11.22,94,51,59,-3,"1:17:01,000"
23.11.22,20,50,53,-8,"0:33:54,725"
24.11.22,72,51,56,-3,"0:53:01,000"
25.11.22,18,50,50,-5,"0:32:48,877"
26.11.22,63,50,52,-1,"1:16:46,288"
27.11.22,143,52,65,-2,"2:59:32,152"
28.11.22,9,51,57,-13,"0:27:00,000"
29.11.22,17,51,51,-6,"0:32:55,794"
30.11.22,7,50,45,-1,"0:29:00,000"
01.12.22,72,50,49,4,"0:55:01,000"
02.12.22,18,49,44,1,"0:33:06,729"
03.12.22,6,48,39,5,"0:31:47,050"
04.12.22,97,49,47,9,"2:00:01,000"
05.12.22,11,49,42,2,"0:39:10,730"
06.12.22,24,48,40,6,"0:57:02,583"
07.12.22,,47,34,8,
08.12.22,116,48,46,13,"2:07:27,000"
09.12.22,,47,39,3,
10.12.22,23,47,37,8,"0:57:57,068"
11.12.22,83,48,43,10,"1:35:52,000"
12.12.22,,46,37,4,
13.12.22,98,48,46,9,"1:43:39,889"
14.12.22,,47,39,2,
15.12.22,100,48,48,7,"1:28:19,000"
16.12.22,26,47,45,0,"0:56:46,841"
17.12.22,122,49,56,2,"2:33:04,000"
18.12.22,31,49,52,-7,"1:14:35,646"
19.12.22,8,48,46,-4,"0:27:07,838"
20.12.22,114,49,56,2,"1:47:34,087"
21.12.22,31,49,52,-6,"1:18:55,369"
22.12.22,23,48,48,-3,"0:50:45,000"
23.12.22,120,50,58,0,"2:24:50,760"
24.12.22,16,49,52,-8,"0:55:10,498"
25.12.22,87,50,57,-3,"1:26:43,000"
26.12.22,,49,49,-7,
27.12.22,115,50,58,0,"1:54:39,000"
28.12.22,25,50,54,-8,"0:58:01,621"
29.12.22,120,51,63,-4,"2:01:15,731"
30.12.22,25,51,58,-12,"0:57:09,000"
31.12.22,151,53,71,-7,"3:04:33,019"
01.01.23,68,54,71,-18,"1:34:11,000"
02.01.23,9,52,62,-17,"0:36:02,772"
03.01.23,88,53,66,-9,"1:36:08,000"
04.01.23,34,53,61,-12,"1:14:50,426"
05.01.23,146,55,73,-8,"2:35:48,212"
06.01.23,36,55,68,-18,"1:23:27,000"
07.01.23,97,56,72,-13,"2:18:32,402"
08.01.23,67,56,71,-16,"1:25:04,000"
09.01.23,9,55,62,-15,"0:31:11,000"
10.01.23,126,56,71,-8,"1:40:20,000"
11.01.23,36,56,66,-15,"1:22:50,990"
12.01.23,170,59,81,-10,"2:38:23,541"
13.01.23,10,58,71,-22,"0:32:50,725"
14.01.23,143,60,81,-13,"3:07:40,164"
15.01.23,70,60,80,-22,"1:19:40,000"
16.01.23,9,59,70,-20,"0:31:36,766"
17.01.23,129,60,78,-11,"2:02:08,907"
18.01.23,25,59,70,-18,"0:49:55,946"
19.01.23,81,60,72,-11,"1:03:01,000"
20.01.23,,59,62,-12,
21.01.23,135,60,72,-3,"3:03:48,441"
22.01.23,76,61,73,-12,"1:49:13,000"
23.01.23,7,59,63,-12,"0:32:30,000"
24.01.23,37,59,60,-4,"0:55:01,000"
25.01.23,25,58,55,-1,"0:49:14,847"
26.01.23,87,59,59,3,"1:53:45,744"
27.01.23,7,58,52,0,"0:27:07,000"
28.01.23,142,60,65,6,"2:30:01,000"
29.01.23,76,60,66,-5,"1:28:27,000"
30.01.23,7,59,58,-6,"0:32:54,000"
31.01.23,98,60,64,1,"1:46:42,000"
01.02.23,,58,54,-4,
02.02.23,64,58,56,4,"1:05:01,000"
03.02.23,26,58,52,2,"0:48:33,577"
04.02.23,137,59,64,6,"2:30:01,000"
05.02.23,56,59,63,-4,"0:55:01,000"
06.02.23,,58,54,-3,
07.02.23,87,59,58,4,"1:20:01,000"
08.02.23,,57,50,0,
09.02.23,59,57,51,7,"1:01:14,000"
10.02.23,28,57,48,6,"0:48:26,000"
11.02.23,65,57,50,9,"1:45:01,000"
12.02.23,70,57,53,6,"1:16:01,000"
13.02.23,,56,46,4,
14.02.23,111,57,55,10,"2:29:02,000"
15.02.23,27,56,51,2,"0:48:42,000"
16.02.23,118,58,61,5,"1:18:01,000"
17.02.23,,56,52,-3,
18.02.23,145,59,65,4,"1:59:01,000"
19.02.23,64,59,65,-7,"1:15:01,000"
20.02.23,,57,56,-6,
21.02.23,138,59,68,2,"2:10:13,000"
22.02.23,,58,58,-8,
23.02.23,72,58,60,0,"1:02:01,000"
24.02.23,25,57,55,-2,"0:49:44,000"
25.02.23,112,59,63,2,"2:22:23,000"
26.02.23,66,59,63,-4,"1:20:31,000"
27.02.23,,57,54,-5,
28.02.23,107,59,62,3,"1:57:02,000"
01.03.23,,57,53,-3,
02.03.23,,56,46,4,
03.03.23,,55,39,10,
04.03.23,,53,33,16,
05.03.23,,52,29,20,
06.03.23,,51,25,23,
07.03.23,23,50,24,26,"0:45:01,000"
08.03.23,,49,21,26,
09.03.23,,48,18,28,
10.03.23,,47,15,30,
11.03.23,30,46,17,31,"1:00:01,000"
12.03.23,33,46,20,29,"1:32:52,000"
13.03.23,,45,17,26,
14.03.23,81,46,26,28,"1:03:01,000"
15.03.23,,45,22,20,
16.03.23,108,46,35,22,"2:00:33,000"
17.03.23,,45,30,12,
18.03.23,143,47,46,15,"2:25:24,000"
19.03.23,3,46,40,1,"0:49:07,000"
20.03.23,51,46,41,7,"0:37:11,000"
21.03.23,,45,35,5,
22.03.23,134,47,50,10,"1:42:01,000"
23.03.23,,46,42,-2,
24.03.23,118,48,53,4,"1:42:26,664"
25.03.23,121,50,63,-5,"2:45:04,000"
26.03.23,,49,54,-13,
27.03.23,,47,46,-5,
28.03.23,,46,40,1,
29.03.23,,45,34,7,
30.03.23,71,46,39,11,"1:05:01,000"
31.03.23,,45,34,7,
01.04.23,57,45,37,11,"1:02:59,000"
02.04.23,,44,32,8,
03.04.23,10,43,29,12,"0:10:53,008"
04.04.23,101,44,39,14,"1:23:01,000"
05.04.23,,43,33,6,
06.04.23,100,45,43,10,"1:15:01,000"
07.04.23,,44,37,2,
08.04.23,142,46,52,7,"2:30:01,000"
09.04.23,,45,44,-6,
10.04.23,115,47,55,0,"2:10:01,000"
11.04.23,,45,47,-8,
12.04.23,84,46,52,-1,"1:30:01,000"
13.04.23,,45,45,-6,
14.04.23,72,46,49,1,"1:35:45,000"
15.04.23,2,45,42,-3,"0:25:37,548"
16.04.23,,44,36,3,
17.04.23,,43,31,8,
18.04.23,,42,26,12,
19.04.23,,41,23,15,
20.04.23,,40,19,18,
21.04.23,67,40,26,20,"1:10:22,000"
22.04.23,,39,22,14,
23.04.23,155,42,41,17,"2:41:22,000"
24.04.23,,41,36,1,
25.04.23,91,42,43,6,"1:10:01,000"
26.04.23,,41,37,-1,
27.04.23,123,43,49,4,"1:40:01,000"
28.04.23,129,45,61,-6,"2:30:01,000"
29.04.23,,44,52,-15,
30.04.23,282,50,85,-8,"3:50:48,000"
01.05.23,,49,73,-35,
02.05.23,115,50,79,-24,"1:48:58,000"
03.05.23,106,52,83,-28,"2:34:19,000"
04.05.23,,50,71,-31,
05.05.23,220,54,92,-20,"4:15:31,000"
06.05.23,,53,79,-38,
07.05.23,194,57,95,-26,"2:30:01,000"
08.05.23,,55,82,-39,
09.05.23,156,58,92,-27,"2:37:32,618"
10.05.23,8,56,80,-35,"0:30:53,847"
11.05.23,123,58,86,-24,"1:40:01,000"
12.05.23,,57,74,-28,
13.05.23,145,59,84,-17,"1:59:01,000"
14.05.23,55,59,80,-25,"0:51:01,000"
15.05.23,,57,69,-21,
16.05.23,72,58,69,-11,"1:27:01,000"
17.05.23,,56,59,-11,
18.05.23,195,59,79,-3,"2:49:26,000"
19.05.23,,58,67,-19,
20.05.23,116,59,74,-9,"2:23:48,000"
21.05.23,169,62,88,-15,"2:23:42,000"
22.05.23,21,61,78,-26,"0:28:32,042"
23.05.23,119,62,84,-17,"1:53:54,000"
24.05.23,,61,72,-22,
25.05.23,116,62,78,-11,"1:39:08,000"
26.05.23,13,61,69,-16,"0:21:07,000"
27.05.23,122,63,77,-8,"1:25:15,000"
28.05.23,,61,66,-14,
29.05.23,303,67,100,-5,"4:36:01,000"
30.05.23,,65,85,-33,
31.05.23,,64,73,-20,
01.06.23,89,64,75,-9,"1:10:01,000"
02.06.23,,63,65,-11,
03.06.23,117,64,72,-2,"1:26:26,000"
04.06.23,157,66,84,-8,"2:34:21,000"
05.06.23,,65,72,-18,
06.06.23,89,65,75,-8,"1:03:55,074"
07.06.23,,64,64,-9,
08.06.23,145,66,76,0,"1:59:01,000"
09.06.23,,64,65,-10,
10.06.23,,63,55,-1,
11.06.23,250,67,83,7,"4:02:37,000"
12.06.23,,65,71,-16,
13.06.23,97,66,75,-6,"1:34:35,000"
14.06.23,,65,64,-9,
15.06.23,252,69,91,0,"3:39:07,000"
16.06.23,,67,78,-22,
17.06.23,108,68,82,-11,"1:25:36,000"
18.06.23,112,69,87,-14,"1:55:27,000"
19.06.23,,68,74,-17,
20.06.23,,66,64,-7,
21.06.23,,65,55,2,
22.06.23,113,66,63,10,"1:35:59,000"
23.06.23,,64,54,3,
24.06.23,,63,46,10,
25.06.23,230,67,72,16,"3:47:17,000"
26.06.23,,65,62,-6,
27.06.23,,63,53,3,
28.06.23,106,65,61,10,"1:25:05,000"
29.06.23,8,63,53,4,"0:12:41,000"
30.06.23,,62,46,10,
01.07.23,,60,39,16,
02.07.23,,59,34,21,
03.07.23,,57,29,25,
04.07.23,,56,25,29,
05.07.23,,55,21,31,
06.07.23,,53,18,34,
07.07.23,,52,16,35,
08.07.23,,51,13,37,
09.07.23,12,50,13,38,"0:23:44,000"
10.07.23,,49,11,37,
11.07.23,113,50,26,37,"1:38:21,000"
12.07.23,,49,22,24,
13.07.23,,48,19,27,
14.07.23,81,49,28,29,"1:05:38,000"
15.07.23,,48,24,21,
16.07.23,116,49,37,24,"1:45:52,000"
17.07.23,32,49,36,12,"0:52:00,000"
18.07.23,209,53,61,12,"3:45:14,000"
19.07.23,,51,52,-8,
20.07.23,180,54,71,-1,"3:04:44,000"
21.07.23,,53,60,-16,
22.07.23,182,56,78,-7,"3:10:36,000"
23.07.23,,55,67,-22,
24.07.23,,54,57,-12,
25.07.23,114,55,65,-4,"1:21:01,000"
26.07.23,,54,56,-10,
27.07.23,111,55,64,-2,"1:30:01,000"
28.07.23,,54,55,-9,
29.07.23,269,59,85,-1,"4:31:14,000"
30.07.23,180,62,99,-26,"2:47:09,000"
31.07.23,,60,85,-37,
01.08.23,63,60,82,-24,"1:10:01,000"
02.08.23,,59,70,-21,
03.08.23,84,59,72,-11,"1:30:01,000"
04.08.23,,58,62,-12,
05.08.23,64,58,62,-4,"1:00:01,000"
06.08.23,,57,53,-4,
07.08.23,,55,46,4,
08.08.23,196,59,67,10,"3:44:22,000"
09.08.23,,57,57,-8,
10.08.23,227,61,82,0,"4:52:57,000"
11.08.23,,60,70,-20,
12.08.23,,59,60,-10,
13.08.23,82,59,63,-1,"1:20:17,000"
14.08.23,,58,54,-4,
15.08.23,,56,46,4,
16.08.23,,55,40,10,
17.08.23,,54,34,15,
18.08.23,,52,29,20,
19.08.23,,51,25,23,
20.08.23,,50,21,26,
21.08.23,,49,18,28,
22.08.23,,48,16,30,
23.08.23,,46,14,32,
24.08.23,84,47,24,33,"1:30:01,000"
25.08.23,137,49,40,24,"1:40:01,000"
26.08.23,,48,34,10,
27.08.23,242,53,64,14,"4:11:12,000"
28.08.23,,52,55,-11,
29.08.23,119,53,64,-3,"1:18:01,000"
30.08.23,,52,55,-11,
31.08.23,93,53,60,-3,"2:02:01,000"
01.09.23,,52,52,-7,
02.09.23,210,55,74,0,"4:01:47,000"
03.09.23,122,57,81,-19,"2:02:01,000"
04.09.23,,56,69,-24,
05.09.23,69,56,69,-14,"1:30:01,000"
06.09.23,,55,59,-13,
07.09.23,64,55,60,-5,"1:00:01,000"
08.09.23,,54,52,-5,
09.09.23,234,58,78,2,"4:22:20,000"
10.09.23,,56,66,-20,
11.09.23,,55,57,-10,
12.09.23,123,57,66,-2,"1:40:01,000"
13.09.23,,55,57,-10,
14.09.23,114,57,65,-1,"1:21:01,000"
15.09.23,,55,56,-8,
16.09.23,145,58,68,0,"1:59:01,000"
17.09.23,,56,59,-11,
18.09.23,69,57,60,-2,"1:30:01,000"
19.09.23,,55,52,-4,
20.09.23,84,56,56,4,"1:07:30,000"
21.09.23,,55,48,0,
22.09.23,72,55,52,6,"1:09:41,000"
23.09.23,,54,44,3,
24.09.23,204,57,67,9,"2:47:51,812"
25.09.23,,56,57,-10,
26.09.23,,55,49,-2,
27.09.23,,53,42,5,
28.09.23,89,54,49,11,"1:40:10,000"
29.09.23,119,56,59,5,"2:31:50,000"
30.09.23,3,54,51,-3,"0:04:57,000"
01.10.23,16,53,46,4,"0:30:47,000"
02.10.23,,52,39,8,
03.10.23,53,52,41,13,"0:49:00,000"
04.10.23,,51,35,11,
05.10.23,59,51,39,16,"0:58:27,000"
06.10.23,4,50,34,12,"0:07:38,000"
07.10.23,211,54,59,16,"4:00:25,000"
08.10.23,23,53,54,-5,"0:41:25,000"
09.10.23,,52,46,-1,
10.10.23,73,52,50,6,"1:38:18,000"
11.10.23,5,51,44,2,"0:08:03,707"
12.10.23,111,53,53,8,"1:30:01,000"
13.10.23,4,51,46,-1,"0:07:57,000"
14.10.23,196,55,68,5,"3:15:55,000"
15.10.23,21,54,61,-13,"0:40:29,000"
16.10.23,4,53,53,-7,"0:08:03,000"
17.10.23,87,54,58,0,"1:32:15,000"
18.10.23,4,53,50,-4,"0:08:01,851"
19.10.23,4,51,44,3,"0:08:03,000"
20.10.23,4,50,38,8,"0:08:16,000"
21.10.23,69,51,42,12,"1:38:15,000"
22.10.23,154,53,58,8,"3:38:09,000"
23.10.23,4,52,51,-5,"0:08:03,385"
24.10.23,4,51,44,1,"0:07:58,690"
25.10.23,4,50,38,7,"0:08:07,000"
26.10.23,73,50,43,11,"1:38:04,000"
27.10.23,4,49,38,7,"0:08:01,746"
28.10.23,133,51,51,12,"2:38:02,764"
29.10.23,203,55,73,0,"3:47:10,000"
30.10.23,5,54,63,-18,"0:09:51,509"
31.10.23,70,54,64,-10,"1:09:56,000"
01.11.23,183,57,81,-10,"3:45:01,927"
02.11.23,5,56,70,-24,"0:10:00,744"
03.11.23,71,56,70,-14,"1:55:06,338"
04.11.23,5,55,61,-14,"0:10:09,000"
05.11.23,6,54,53,-6,"0:10:09,000"
06.11.23,,53,46,1,
07.11.23,51,53,46,7,"1:05:55,000"
08.11.23,,51,40,6,
09.11.23,123,53,52,11,"1:41:08,000"
10.11.23,6,52,45,1,"0:10:00,000"
11.11.23,107,53,54,7,"1:30:20,530"
12.11.23,69,54,56,-1,"1:25:18,000"
13.11.23,,52,48,-3,
14.11.23,6,51,42,4,"0:10:09,000"
15.11.23,5,50,37,9,"0:10:24,000"
16.11.23,6,49,33,13,"0:10:15,000"
17.11.23,,48,28,17,
18.11.23,,47,24,20,
19.11.23,,46,20,23,
20.11.23,,45,18,25,
21.11.23,,43,15,27,
22.11.23,,42,13,28,
23.11.23,,41,11,30,
24.11.23,,40,9,30,
25.11.23,,39,8,31,
26.11.23,,39,7,31,
27.11.23,,38,6,32,
28.11.23,,37,5,32,
29.11.23,,36,4,32,
30.11.23,,35,4,31,
01.12.23,,34,3,31,
02.12.23,,33,3,31,
03.12.23,,33,2,31,
04.12.23,,32,2,30,
05.12.23,55,32,10,30,"1:30:01,000"
06.12.23,,32,8,23,
07.12.23,55,32,15,23,"1:30:01,000"
08.12.23,,31,13,17,
09.12.23,,31,11,19,
10.12.23,75,32,20,20,"1:15:01,000"
11.12.23,,31,17,12,
12.12.23,73,32,25,14,"1:00:01,000"
13.12.23,,31,22,7,
14.12.23,76,32,29,10,"1:05:01,000"
15.12.23,,31,25,3,
16.12.23,105,33,37,6,"1:23:01,000"
17.12.23,,32,31,-3,
18.12.23,,32,27,1,
19.12.23,85,33,35,5,"1:14:01,000"
20.12.23,,32,30,-2,
21.12.23,100,34,40,2,"1:15:01,000"
22.12.23,,33,34,-6,
23.12.23,65,34,39,-1,"1:45:01,000"
24.12.23,,33,33,-5,
25.12.23,,32,29,0,
26.12.23,69,33,34,4,"1:30:01,000"
27.12.23,6,32,30,-1,"0:10:05,000"
28.12.23,117,34,43,2,"1:45:02,000"
29.12.23,6,34,37,-8,"0:10:20,000"
30.12.23,109,36,48,-4,"2:11:13,000"
31.12.23,5,35,42,-12,"0:10:07,000"
01.01.24,100,36,50,-7,"1:15:01,000"
02.01.24,6,36,44,-14,"0:10:36,892"
03.01.24,83,37,49,-8,"1:26:01,000"
04.01.24,,36,42,-12,
05.01.24,110,38,52,-6,"1:30:01,000"
06.01.24,6,37,45,-14,"0:10:30,000"
07.01.24,136,39,58,-8,"2:04:01,000"
08.01.24,7,38,51,-19,"0:10:10,000"
09.01.24,,38,44,-12,
10.01.24,,37,37,-6,
11.01.24,,36,32,-1,
12.01.24,,35,28,4,
13.01.24,88,36,36,7,"1:58:46,000"
14.01.24,74,37,42,0,"1:54:31,000"
15.01.24,,36,36,-4,
16.01.24,55,37,38,1,"0:51:01,000"
17.01.24,5,36,34,-2,"0:10:21,679"
18.01.24,94,37,42,2,"1:10:01,000"
19.01.24,5,37,37,-5,"0:10:19,793"
20.01.24,121,39,49,0,"1:55:49,000"
21.01.24,132,41,61,-10,"3:02:27,965"
22.01.24,5,40,53,-20,"0:10:21,000"
23.01.24,81,41,57,-13,"1:03:01,000"
24.01.24,5,40,50,-16,"0:09:57,411"
25.01.24,93,41,56,-10,"1:17:01,000"
26.01.24,9,41,49,-14,"0:29:54,308"
27.01.24,143,43,62,-9,"2:00:01,000"
28.01.24,74,44,64,-19,"1:40:11,000"
29.01.24,,43,55,-20,
30.01.24,39,43,53,-12,"1:05:05,000"
31.01.24,6,42,46,-10,"0:10:02,000"
01.02.24,128,44,58,-4,"2:06:54,000"
02.02.24,5,43,50,-14,"0:10:07,000"
03.02.24,137,45,63,-7,"2:30:01,000"
04.02.24,74,46,64,-17,"1:40:12,000"
05.02.24,,45,55,-18,
06.02.24,,44,47,-10,
07.02.24,,43,40,-4,
08.02.24,,42,35,2,
09.02.24,,41,30,7,
10.02.24,,40,25,11,
11.02.24,,39,22,14,
12.02.24,,38,19,17,
13.02.24,,37,16,19,
14.02.24,,36,14,21,
15.02.24,,35,12,22,
16.02.24,21,35,13,23,"0:30:01,000"
17.02.24,29,35,15,22,"0:40:04,000"
18.02.24,6,34,14,19,"0:10:06,502"
19.02.24,6,33,13,20,"0:10:06,000"
20.02.24,5,33,12,20,"0:08:20,000"
21.02.24,79,34,21,21,"1:25:01,000"
22.02.24,5,33,19,12,"0:09:59,000"
23.02.24,88,34,29,14,"1:35:41,000"
24.02.24,6,34,26,5,"0:09:46,000"
25.02.24,105,35,37,8,"1:50:08,000"
26.02.24,6,35,33,-2,"0:09:41,000"
27.02.24,81,36,39,2,"1:32:52,784"
28.02.24,,35,34,-4,
29.02.24,87,36,41,1,"1:18:38,000"
01.03.24,5,35,36,-5,"0:09:38,000"
02.03.24,119,37,48,-1,"2:05:42,331"
03.03.24,142,40,62,-11,"3:05:11,659"
04.03.24,5,39,54,-22,"0:09:41,360"
05.03.24,64,40,55,-14,"1:00:01,000"
06.03.24,5,39,48,-15,"0:09:37,850"
07.03.24,68,40,51,-9,"1:19:36,581"
08.03.24,,39,44,-11,
09.03.24,5,38,38,-5,"0:09:32,000"
10.03.24,105,39,48,0,"2:18:03,000"
11.03.24,5,39,41,-8,"0:08:35,000"
12.03.24,81,40,47,-3,"1:23:08,000"
13.03.24,,39,40,-7,
14.03.24,87,40,47,-2,"1:17:14,000"
15.03.24,9,39,42,-7,"0:28:44,000"
16.03.24,108,41,51,-2,"1:42:30,000"
17.03.24,109,42,59,-10,"2:18:55,000"
18.03.24,5,41,51,-17,"0:08:23,000"
19.03.24,55,42,52,-10,"0:51:01,000"
20.03.24,,41,45,-10,
21.03.24,,40,38,-4,
22.03.24,65,40,42,2,"1:45:01,000"
23.03.24,4,40,37,-2,"0:08:18,000"
24.03.24,165,43,55,3,"2:38:10,734"
25.03.24,4,42,48,-12,"0:08:08,000"
26.03.24,125,44,59,-6,"1:26:17,000"
27.03.24,144,46,71,-15,"1:45:43,777"
28.03.24,,45,61,-25,
29.03.24,170,48,76,-16,"3:13:12,103"
30.03.24,4,47,66,-28,"0:07:56,000"
31.03.24,265,52,94,-19,"3:42:52,000"
01.04.24,4,51,81,-42,"0:07:40,963"
02.04.24,144,53,90,-31,"1:50:52,830"
03.04.24,98,54,92,-37,"1:17:46,000"
04.04.24,,53,78,-37,
05.04.24,115,54,84,-26,"1:37:49,000"
06.04.24,265,59,109,-29,"4:03:11,000"
07.04.24,,58,94,-50,
08.04.24,4,57,81,-36,"0:08:03,569"
09.04.24,95,58,83,-24,"1:30:01,000"
10.04.24,4,56,72,-26,"0:07:57,000"
11.04.24,138,58,81,-15,"1:54:27,886"
12.04.24,4,57,70,-23,"0:07:51,000"
13.04.24,218,61,91,-13,"2:40:03,000"
14.04.24,157,63,101,-31,"2:35:21,000"
15.04.24,4,62,87,-38,"0:07:45,000"
16.04.24,59,62,83,-25,"0:58:45,484"
17.04.24,,60,71,-21,
18.04.24,98,61,75,-11,"1:17:36,000"
19.04.24,4,60,65,-14,"0:07:41,891"
20.04.24,23,59,59,-5,"0:33:25,000"
21.04.24,326,65,97,0,"4:18:01,000"
22.04.24,4,64,84,-32,"0:07:45,685"
23.04.24,4,62,72,-20,"0:07:41,000"
24.04.24,5,61,63,-10,"0:07:49,000"
25.04.24,5,60,54,-2,"0:18:44,000"
26.04.24,,58,47,5,
27.04.24,,57,40,12,
28.04.24,207,60,64,17,"3:09:02,000"
29.04.24,214,64,85,-4,"3:28:26,000"
30.04.24,303,70,116,-21,"4:50:19,000"
01.05.24,74,70,110,-47,"2:08:58,000"
02.05.24,94,70,108,-41,"1:05:03,340"
03.05.24,272,75,131,-38,"4:24:52,000"
04.05.24,,73,113,-56,
05.05.24,,72,97,-39,
06.05.24,,70,83,-25,
07.05.24,40,69,77,-13,"0:53:09,868"
08.05.24,4,68,66,-7,"0:07:53,000"
09.05.24,143,69,77,1,"2:51:57,165"
10.05.24,,68,66,-8,
11.05.24,237,72,91,2,"3:35:36,000"
12.05.24,,70,78,-19,
13.05.24,,68,67,-8,
14.05.24,55,68,65,2,"0:51:01,000"
15.05.24,,67,56,3,
16.05.24,94,67,61,11,"1:10:01,000"
17.05.24,,66,52,6,
18.05.24,24,65,48,13,"0:52:39,000"
19.05.24,205,68,71,16,"2:45:57,000"
20.05.24,50,68,68,-3,"1:24:16,000"
21.05.24,,66,58,0,
22.05.24,280,71,90,8,"3:35:54,000"
23.05.24,,69,77,-19,
24.05.24,,68,66,-8,
25.05.24,84,68,69,2,"2:00:01,000"
26.05.24,230,72,92,0,"3:19:54,000"
27.05.24,,70,78,-20,
28.05.24,,69,67,-8,
29.05.24,,67,58,1,
30.05.24,270,72,88,9,"4:27:29,815"
31.05.24,,70,75,-16,
01.06.24,55,70,72,-5,"1:47:47,124"
02.06.24,92,70,75,-3,"1:05:31,238"
03.06.24,,69,65,-5,
04.06.24,94,69,69,4,"1:10:01,000"
05.06.24,5,68,60,0,"0:21:16,255"
06.06.24,93,68,64,8,"1:25:01,000"
07.06.24,,67,55,4,
08.06.24,26,66,51,11,"0:24:10,000"
09.06.24,296,71,86,15,"4:14:50,000"
10.06.24,,69,74,-15,
11.06.24,22,68,66,-4,"0:45:58,000"
12.06.24,,67,57,2,
13.06.24,94,67,62,10,"1:55:55,000"
14.06.24,,66,53,5,
15.06.24,31,65,50,12,"0:23:46,174"
16.06.24,358,72,94,15,"4:23:42,000"
17.06.24,,70,81,-22,
18.06.24,40,69,75,-11,"0:58:45,000"
19.06.24,,68,64,-5,
20.06.24,154,70,77,4,"2:34:21,000"
21.06.24,,68,66,-7,
22.06.24,4,67,57,2,"0:21:19,000"
23.06.24,274,72,88,9,"4:28:50,074"
24.06.24,135,73,95,-17,"1:35:16,000"
25.06.24,,71,81,-22,
26.06.24,136,73,89,-10,"1:40:01,000"
27.06.24,,71,76,-16,
28.06.24,,69,65,-5,
29.06.24,,68,56,4,
30.06.24,347,74,98,12,"5:13:06,000"
01.07.24,,73,84,-23,
02.07.24,,71,72,-11,
03.07.24,,69,61,-1,
04.07.24,,68,53,8,
05.07.24,69,68,55,15,"1:30:01,000"
06.07.24,,66,47,13,
07.07.24,272,71,79,19,"3:32:36,000"
08.07.24,,69,68,-8,
09.07.24,94,70,72,1,"1:10:01,000"
10.07.24,,68,61,-2,
11.07.24,93,69,66,7,"1:25:01,000"
12.07.24,,67,56,3,
13.07.24,16,66,51,11,"0:20:01,000"
14.07.24,251,70,79,15,"3:29:32,000"
15.07.24,,69,68,-9,
16.07.24,5,67,59,1,"0:09:55,000"
17.07.24,41,67,56,8,"1:01:49,000"
18.07.24,,65,48,10,
19.07.24,5,63,42,17,"0:09:16,000"
20.07.24,,62,36,21,
21.07.24,101,63,45,26,"2:34:31,000"
22.07.24,5,62,40,17,"0:09:33,000"
23.07.24,122,63,51,22,"1:30:35,000"
24.07.24,,61,44,12,
25.07.24,103,62,52,17,"1:21:09,000"
26.07.24,117,64,62,10,"1:40:21,000"
27.07.24,,62,53,2,
28.07.24,169,65,69,9,"6:44:27,272"
29.07.24,,63,60,-5,
30.07.24,135,65,70,4,"1:33:53,000"
31.07.24,5,63,61,-5,"0:09:40,775"
01.08.24,119,65,69,3,"1:39:09,000"
02.08.24,,63,59,-4,"1:15:41,000"
03.08.24,254,68,87,4,"3:55:48,000"
04.08.24,,66,75,-19,
05.08.24,,65,64,-8,
06.08.24,5,63,55,1,"0:09:29,000"
07.08.24,5,62,48,8,"0:09:41,913"
08.08.24,5,60,42,14,"0:09:33,764"
09.08.24,5,59,37,18,"0:09:36,524"
10.08.24,5,58,32,22,"0:09:31,000"
11.08.24,5,57,28,26,"0:09:57,000"
12.08.24,110,58,40,28,"1:37:29,578"
13.08.24,122,59,52,18,"2:00:38,000"
14.08.24,5,58,45,8,"0:50:12,886"
15.08.24,99,59,53,13,"2:13:33,000"
16.08.24,5,58,46,6,"0:09:39,686"
17.08.24,579,70,122,12,"11:19:38,226"
18.08.24,8,69,106,-52,"0:27:53,776"
19.08.24,122,70,108,-37,"3:15:56,939"
20.08.24,118,71,110,-38,"1:58:55,505"
21.08.24,47,71,101,-38,"1:23:59,855"
22.08.24,10,69,88,-30,"0:40:59,130"
23.08.24,,67,75,-19,
24.08.24,38,67,70,-8,"0:46:10,000"
25.08.24,364,74,112,-3,"5:01:21,380"
26.08.24,5,72,96,-38,"0:09:38,000"
27.08.24,88,73,95,-24,"1:24:57,151"
28.08.24,5,71,82,-23,"0:09:47,000"
29.08.24,112,72,87,-11,"1:55:05,000"
30.08.24,5,70,75,-15,"0:09:20,274"
31.08.24,5,69,65,-5,"0:09:15,000"
01.09.24,176,71,81,4,"5:40:11,000"
02.09.24,18,70,72,-9,"0:22:56,000"
03.09.24,115,71,78,-2,"1:51:56,861"
04.09.24,5,70,68,-7,"0:23:17,061"
05.09.24,,68,58,2,
06.09.24,49,67,57,10,"1:00:10,716"
07.09.24,301,73,91,11,"5:14:49,000"
08.09.24,,71,78,-19,
09.09.24,5,70,68,-7,"0:09:27,995"
10.09.24,,68,58,2,
11.09.24,80,68,61,10,"1:51:03,000"
12.09.24,,67,53,7,
13.09.24,132,68,64,14,"1:40:01,000"
14.09.24,,67,55,4,
15.09.24,170,69,71,12,"2:10:01,000"
16.09.24,5,68,62,-2,"0:09:22,764"
17.09.24,95,68,67,6,"1:30:01,000"
18.09.24,5,67,58,2,"0:09:22,563"
19.09.24,133,68,68,9,"1:50:55,795"
20.09.24,6,67,59,0,"0:21:11,810"
21.09.24,60,67,60,7,"0:44:53,000"
22.09.24,218,70,82,7,"2:29:53,947"
23.09.24,,69,71,-12,
24.09.24,6,67,61,-2,"0:24:54,270"
25.09.24,115,68,69,6,"1:35:21,000"
26.09.24,9,67,60,-1,"0:29:00,669"
27.09.24,5,65,53,6,"0:10:01,743"
28.09.24,195,68,73,13,"2:59:51,000"
29.09.24,10,67,64,-4,"0:33:22,449"
30.09.24,,65,55,3,
01.10.24,65,65,56,11,"1:23:40,000"
02.10.24,,64,48,9,
03.10.24,60,64,50,16,"1:13:07,000"
04.10.24,5,62,44,14,"0:22:13,000"
05.10.24,79,63,49,19,"1:24:16,000"
06.10.24,5,61,42,14,"0:25:25,000"
07.10.24,,60,36,19,
08.10.24,99,61,45,24,"1:34:39,028"
09.10.24,,59,39,16,
10.10.24,117,61,50,21,"1:18:01,000"
11.10.24,1,59,43,11,"0:04:21,000"
12.10.24,135,61,56,16,"2:55:38,491"
13.10.24,130,63,67,5,"3:27:01,000"
14.10.24,5,61,58,-4,"0:30:54,387"
15.10.24,64,62,59,4,"1:00:01,000"
16.10.24,,60,50,3,
17.10.24,,59,43,10,
18.10.24,,57,37,15,
19.10.24,5,56,32,20,"0:24:21,000"
20.10.24,47,56,35,23,"1:25:40,760"
21.10.24,6,55,30,21,"0:23:35,738"
22.10.24,63,55,35,24,"1:10:01,000"
23.10.24,81,55,42,20,"1:03:01,000"
24.10.24,,54,36,14,
25.10.24,101,55,45,18,"1:23:01,000"
26.10.24,,54,39,10,
27.10.24,137,56,53,15,"2:04:01,000"
28.10.24,,55,45,3,
29.10.24,117,56,55,9,"1:18:01,000"
30.10.24,56,56,55,1,"1:00:46,000"
31.10.24,83,57,59,1,"1:24:16,000"
01.11.24,,55,51,-3,
02.11.24,88,56,56,4,"2:00:01,000"
03.11.24,127,58,66,0,"3:00:01,000"
04.11.24,,56,57,-9,
05.11.24,103,58,63,0,"1:20:01,000"
06.11.24,57,57,63,-6,"1:00:01,000"
07.11.24,83,58,65,-5,"1:24:16,000"
08.11.24,,57,56,-7,
09.11.24,88,57,61,1,"2:00:01,000"
10.11.24,131,59,71,-3,"3:42:54,000"
11.11.24,,58,61,-11,
12.11.24,63,58,61,-3,"1:15:01,000"
13.11.24,57,58,60,-3,"1:00:01,000"
14.11.24,83,59,64,-3,"1:24:16,000"
15.11.24,,57,55,-5,
16.11.24,88,58,59,3,"2:00:01,000"
17.11.24,127,60,69,-2,"3:00:01,000"
18.11.24,,58,59,-9,
19.11.24,,57,51,-1,
20.11.24,,55,43,6,
21.11.24,,54,37,12,
22.11.24,,53,32,17,
23.11.24,,51,27,21,
24.11.24,,50,23,24,
25.11.24,,49,20,27,
26.11.24,,48,17,29,
27.11.24,42,48,21,31,"1:00:01,000"
28.11.24,42,48,24,27,"1:00:01,000"
29.11.24,42,48,26,24,"1:00:01,000"
30.11.24,42,47,29,21,"1:00:01,000"
01.12.24,,46,25,19,
02.12.24,,45,21,22,
03.12.24,21,45,21,24,"0:30:01,000"
04.12.24,,44,18,23,
05.12.24,73,44,26,25,"1:10:01,000"
06.12.24,,43,22,18,
07.12.24,51,43,26,21,"1:10:01,000"
08.12.24,63,44,32,17,"1:30:01,000"
09.12.24,,43,27,12,
10.12.24,76,44,34,16,"1:10:01,000"
11.12.24,,43,29,10,
12.12.24,,42,25,13,
13.12.24,127,44,39,17,"3:00:01,000"
14.12.24,92,45,47,4,"1:25:01,000"
15.12.24,,44,40,-2,
16.12.24,,43,35,3,
17.12.24,73,43,40,8,"1:10:01,000"
18.12.24,,42,34,3,
19.12.24,88,43,42,8,"0:56:19,000"
20.12.24,,42,36,1,
21.12.24,88,43,43,6,"2:00:01,000"
22.12.24,127,45,55,0,"3:00:01,000"
23.12.24,,44,47,-10,
24.12.24,,43,41,-3,
25.12.24,,42,35,3,
26.12.24,166,45,54,7,"1:53:01,000"
27.12.24,,44,46,-8,
28.12.24,88,45,52,-2,"2:00:01,000"
29.12.24,127,47,63,-7,"3:00:01,000"
30.12.24,,46,54,-16,
31.12.24,139,48,66,-8,"1:43:01,000"
01.01.25,,47,56,-18,
02.01.25,64,47,58,-9,"1:00:01,000"
03.01.25,,46,49,-10,
04.01.25,,45,42,-3,
05.01.25,,44,36,3,
06.01.25,67,45,41,8,"1:30:01,000"
07.01.25,,44,35,4,
08.01.25,,43,30,9,
09.01.25,,42,26,13,
10.01.25,87,43,34,16,"1:15:01,000"
11.01.25,99,44,44,8,"2:30:01,000"
12.01.25,,43,37,0,
13.01.25,,42,32,6,
14.01.25,,41,28,10,
15.01.25,,40,24,13,
16.01.25,93,41,34,16,"1:17:01,000"
17.01.25,,40,29,8,
18.01.25,127,42,43,12,"3:00:01,000"
19.01.25,99,44,51,0,"2:30:01,000"
20.01.25,,43,44,-7,
21.01.25,68,43,47,-1,"1:10:01,000"
22.01.25,,42,40,-4,
23.01.25,90,43,47,2,"1:36:01,000"
24.01.25,99,45,55,-4,"2:30:01,000"
25.01.25,127,47,65,-10,"3:00:01,000"
26.01.25,,45,56,-18,
27.01.25,,44,48,-10,
28.01.25,51,45,48,-3,"0:55:01,000"
29.01.25,,44,41,-4,
30.01.25,83,44,47,2,"1:26:01,000"
31.01.25,,43,41,-3,
01.02.25,,42,35,3,
02.02.25,99,44,44,8,"2:30:01,000"
03.02.25,72,44,48,0,"1:02:01,000"
04.02.25,,43,41,-4,
05.02.25,,42,35,2,
06.02.25,119,44,47,7,"1:20:01,000"
07.02.25,,43,41,-3,
08.02.25,127,45,53,3,"3:00:01,000"
09.02.25,99,46,59,-8,"2:30:01,000"
10.02.25,,45,51,-13,
11.02.25,,44,44,-6,
12.02.25,93,45,51,1,"1:17:01,000"
13.02.25,99,47,58,-5,"2:30:01,000"
14.02.25,,45,49,-11,
15.02.25,127,47,60,-4,"3:00:01,000"
16.02.25,,46,52,-13,
17.02.25,,45,44,-5,
18.02.25,77,46,49,1,"1:15:01,000"
19.02.25,,45,42,-3,
20.02.25,152,47,58,3,"1:50:01,000"
21.02.25,,46,49,-10,
22.02.25,127,48,60,-3,"3:00:01,000"
23.02.25,99,49,66,-12,"2:30:01,000"
24.02.25,,48,57,-17,
25.02.25,80,49,60,-8,"1:04:01,000"
26.02.25,,48,51,-11,
27.02.25,92,49,57,-4,"1:17:01,000"
28.02.25,,48,49,-8,
01.03.25,127,50,60,-1,"3:00:01,000"
02.03.25,67,50,61,-11,"1:30:07,000"
03.03.25,,49,52,-11,
04.03.25,72,49,55,-4,"1:02:01,000"
05.03.25,,48,47,-6,
06.03.25,90,49,53,1,"1:36:01,000"
07.03.25,,48,46,-4,
08.03.25,123,50,57,2,"2:38:30,000"
09.03.25,131,52,67,-7,"3:31:33,996"
10.03.25,,51,58,-16,
11.03.25,,49,50,-7,
12.03.25,77,50,53,0,"1:15:01,000"
13.03.25,,49,46,-3,
14.03.25,,48,39,3,
15.03.25,,46,34,8,
16.03.25,,45,29,13,
17.03.25,,44,25,17,
18.03.25,67,45,31,20,"0:58:56,009"
19.03.25,,44,26,14,
20.03.25,,43,23,17,
21.03.25,,42,19,20,
22.03.25,,41,17,22,
23.03.25,,40,14,24,
24.03.25,,39,12,26,
25.03.25,,38,10,27,
26.03.25,,37,9,27,
27.03.25,,36,8,28,
28.03.25,,35,7,28,
29.03.25,140,38,26,29,"2:01:01,000"
30.03.25,,37,22,12,
31.03.25,,36,19,15,
01.04.25,64,37,25,17,"1:15:01,000"
02.04.25,,36,22,11,
03.04.25,,35,19,14,
04.04.25,,34,16,16,
05.04.25,,33,14,18,
06.04.25,,32,12,20,
07.04.25,,32,10,21,
08.04.25,69,33,18,22,"1:30:01,000"
09.04.25,,32,16,14,
10.04.25,62,32,22,16,"0:55:01,000"
11.04.25,,32,19,10,
12.04.25,220,36,48,13,"3:18:43,370"
13.04.25,,35,41,-12,
14.04.25,,35,35,-6,
15.04.25,,34,30,-1,
16.04.25,,33,26,4,
17.04.25,69,34,32,7,"1:30:01,000"
18.04.25,,33,27,2,
19.04.25,,32,24,5,
20.04.25,,31,20,9,
21.04.25,,31,17,11,
22.04.25,,30,15,13,
23.04.25,64,31,22,15,"1:15:01,000"
24.04.25,,30,19,9,
25.04.25,,29,16,11,
26.04.25,,29,14,13,
27.04.25,247,34,47,15,"3:45:11,402"
28.04.25,,33,40,-13,
29.04.25,42,33,41,-7,"1:04:24,099"
30.04.25,,32,35,-7,
01.05.25,,32,30,-2,
02.05.25,,31,26,2,
03.05.25,,30,22,5,
04.05.25,,29,19,8,
05.05.25,,29,16,11,
06.05.25,,28,14,13,
07.05.25,,27,12,14,
08.05.25,,27,10,16,
09.05.25,107,29,24,17,"1:28:10,651"
10.05.25,,28,21,5,
11.05.25,,27,18,7,
12.05.25,,27,15,10,
13.05.25,,26,13,12,
14.05.25,69,27,21,13,"1:30:01,000"
15.05.25,,26,18,6,
16.05.25,64,27,25,8,"1:00:01,000"
17.05.25,,27,21,3,
18.05.25,,26,18,6,
19.05.25,,25,15,8,
20.05.25,,25,13,10,
21.05.25,,24,11,12,
22.05.25,,24,10,13,
23.05.25,,23,8,14,
24.05.25,,22,7,15,
25.05.25,,22,6,15,
26.05.25,,21,5,16,
27.05.25,,21,5,16,
28.05.25,,20,4,16,
29.05.25,,20,3,17,
30.05.25,,19,3,17,
31.05.25,74,21,13,17,"2:01:01,480"
01.06.25,42,21,17,8,"1:00:01,000"
02.06.25,,21,15,4,
03.06.25,92,22,26,6,"2:07:16,000"
04.06.25,,22,22,-3,
05.06.25,5,22,20,0,"0:07:19,000"
06.06.25,,21,17,2,
07.06.25,73,22,25,4,"1:37:51,378"
08.06.25,129,25,40,-3,"2:30:01,000"
09.06.25,141,28,54,-15,"2:56:36,491"
10.06.25,4,27,47,-27,"0:07:13,000"
11.06.25,,26,40,-20,
12.06.25,93,28,48,-14,"1:25:01,000"
13.06.25,4,27,41,-20,"0:07:19,944"
14.06.25,151,30,57,-14,"3:13:49,495"
15.06.25,,30,49,-27,
16.06.25,4,29,42,-19,"0:07:25,000"
17.06.25,,28,36,-14,
18.06.25,,28,31,-8,
19.06.25,,27,27,-4,
20.06.25,,26,23,0,
21.06.25,4,26,20,3,"0:07:22,000"
22.06.25,,25,17,6,
23.06.25,119,27,32,8,"1:20:01,000"
24.06.25,,27,27,-4,
25.06.25,88,28,36,-1,"2:00:01,000"
26.06.25,,28,31,-8,
27.06.25,93,29,40,-3,"1:10:01,000"
28.06.25,211,33,64,-11,"3:52:54,000"
29.06.25,,33,55,-31,
30.06.25,,32,47,-22,
01.07.25,124,34,58,-15,"1:48:29,000"
02.07.25,4,33,50,-24,"0:07:18,906"
03.07.25,104,35,58,-17,"1:15:01,000"
04.07.25,4,34,50,-23,"0:07:20,647"
05.07.25,206,38,73,-16,"4:02:36,000"
06.07.25,67,39,72,-34,"1:22:12,730"
07.07.25,,38,62,-33,
08.07.25,129,40,71,-23,"2:30:01,000"
09.07.25,4,39,61,-31,"0:07:04,000"
10.07.25,144,42,73,-22,"1:59:01,000"
11.07.25,4,41,63,-31,"0:07:02,521"
12.07.25,99,42,68,-22,"1:36:59,373"
13.07.25,197,46,87,-26,"4:08:24,000"
14.07.25,,45,74,-41,
15.07.25,119,47,81,-29,"1:36:14,000"
16.07.25,,46,69,-34,
17.07.25,114,47,76,-24,"1:21:01,000"
18.07.25,0,46,65,-28,"0:00:48,632"
19.07.25,89,47,68,-19,"2:00:53,000"
20.07.25,232,52,92,-21,"4:07:24,000"
21.07.25,1,50,79,-40,"0:01:39,935"
22.07.25,95,51,81,-28,"1:30:55,000"
23.07.25,1,50,70,-30,"0:01:38,805"
24.07.25,160,53,83,-19,"2:30:56,603"
25.07.25,1,52,71,-30,"0:01:41,856"
26.07.25,127,53,79,-19,"1:40:52,663"
27.07.25,143,56,88,-26,"2:30:59,000"
28.07.25,1,54,76,-33,"0:01:50,756"
29.07.25,145,56,86,-22,"1:59:54,000"
30.07.25,94,57,87,-29,"1:10:01,000"
31.07.25,1,56,74,-29,"0:00:47,000"
01.08.25,80,57,75,-19,"1:04:01,000"
02.08.25,187,60,91,-19,"2:02:31,000"
03.08.25,,58,78,-32,
04.08.25,,57,67,-20,
05.08.25,74,57,68,-10,1:00:16,000
06.08.25,,56,58,-11,
07.08.25,136,58,70,-3,2:04:01,000
08.08.25,,56,60,-12,
09.08.25,100,57,65,-3,1:15:01,000
10.08.25,208,61,86,-8,3:55:16,000
11.08.25,,60,74,-25,
12.08.25,,58,63,-14,
13.08.25,,57,54,-5,
14.08.25,,55,46,3,
15.08.25,,54,40,9,
16.08.25,,53,34,14,
17.08.25,195,56,57,19,3:27:52,000
18.08.25,,55,49,-1,
19.08.25,92,56,55,6,1:25:01,000
20.08.25,,54,47,1,
21.08.25,93,55,54,7,1:17:01,000
22.08.25,64,56,55,2,1:15:01,000
23.08.25,,54,47,0,
24.08.25,216,58,71,7,3:47:14,000
25.08.25,,57,61,-13,
26.08.25,92,58,66,-4,1:25:01,000
27.08.25,96,58,70,-8,1:30:01,000
28.08.25,,57,60,-11,
29.08.25,111,58,67,-3,1:30:01,000
30.08.25,,57,58,-9,
31.08.25,251,62,85,-1,4:23:25,562
01.09.25,,60,73,-24,
02.09.25,120,62,80,-13,1:20:01,000
03.09.25,,60,68,-18,
04.09.25,64,60,68,-8,1:00:01,000
05.09.25,112,61,74,-8,2:00:01,000
