date,time,weight,percentfat,fatweight
07.06.20,09:34,61.7,17.70,10.92
08.06.20,08:11,61.7,17.60,10.86
09.06.20,08:12,62.0,17.50,10.85
10.06.20,09:44,61.4,17.60,10.81
11.06.20,11:37,61.2,17.60,10.77
12.06.20,09:13,61.7,17.60,10.86
13.06.20,11:01,61.1,17.60,10.75
14.06.20,11:01,61.4,17.60,10.81
15.06.20,08:14,61.9,17.70,10.96
16.06.20,09:37,62.5,17.70,11.06
17.06.20,10:28,61.9,17.90,11.08
18.06.20,11:02,62.1,18.00,11.18
19.06.20,09:38,62.7,18.10,11.35
20.06.20,10:00,62.2,18.00,11.20
21.06.20,10:45,62.1,18.00,11.18
22.06.20,08:08,62.0,17.90,11.10
23.06.20,08:09,62.7,17.80,11.16
24.06.20,09:21,62.4,17.80,11.11
25.06.20,09:33,62.0,17.80,11.04
26.06.20,07:52,62.0,17.90,11.10
27.06.20,10:00,61.7,17.80,10.98
28.06.20,10:44,61.9,17.70,10.96
29.06.20,07:53,61.9,17.70,10.96
30.06.20,07:59,61.7,17.70,10.92
01.07.20,09:24,61.2,17.50,10.71
02.07.20,09:12,61.8,17.40,10.75
03.07.20,07:56,61.8,17.40,10.75
04.07.20,10:40,60.7,17.40,10.56
05.07.20,08:55,61.1,17.40,10.63
06.07.20,07:43,61.5,17.50,10.76
07.07.20,07:27,61.4,17.40,10.68
08.07.20,09:20,60.9,17.40,10.60
09.07.20,09:21,61.5,17.40,10.70
10.07.20,07:28,61.5,17.40,10.70
11.07.20,09:51,60.7,17.40,10.56
12.07.20,09:59,61.0,17.50,10.68
13.07.20,09:20,61.1,17.50,10.69
14.07.20,07:59,61.5,17.60,10.82
15.07.20,08:00,61.4,17.50,10.75
16.07.20,07:56,61.4,17.50,10.75
17.07.20,07:51,60.8,17.60,10.70
18.07.20,10:14,60.9,17.70,10.78
19.07.20,10:40,60.4,17.70,10.69
20.07.20,08:02,60.6,17.80,10.79
21.07.20,07:51,60.9,17.90,10.90
22.07.20,08:41,61.2,17.80,10.89
23.07.20,09:11,61.4,17.80,10.93
24.07.20,07:58,61.3,17.70,10.85
25.07.20,09:49,61.2,17.80,10.89
26.07.20,09:46,61.1,17.80,10.88
27.07.20,08:06,61.0,17.80,10.86
28.07.20,07:53,61.3,17.80,10.91
29.07.20,08:50,61.1,17.70,10.81
30.07.20,09:06,61.3,17.70,10.85
31.07.20,08:35,61.4,17.70,10.87
01.08.20,10:00,61.0,17.70,10.80
02.08.20,09:53,61.1,17.80,10.88
03.08.20,09:20,61.5,17.80,10.95
04.08.20,10:08,61.5,17.80,10.95
05.08.20,10:15,61.5,17.80,10.95
06.08.20,09:23,61.6,17.80,10.96
07.08.20,10:06,62.0,17.70,10.97
08.08.20,10:57,61.7,17.70,10.92
09.08.20,09:51,61.7,17.70,10.92
10.08.20,08:25,61.8,17.70,10.94
11.08.20,08:17,62.0,17.70,10.97
12.08.20,09:47,61.2,17.70,10.83
13.08.20,07:52,62.3,17.60,10.96
14.08.20,09:24,62.4,17.60,10.98
15.08.20,10:03,62.2,17.60,10.95
16.08.20,09:08,61.9,17.60,10.89
17.08.20,08:53,61.8,17.60,10.88
18.08.20,09:15,62.2,17.60,10.95
19.08.20,07:45,62.3,17.70,11.03
20.08.20,08:16,62.0,17.70,10.97
21.08.20,07:44,62.0,17.70,10.97
22.08.20,11:00,61.5,17.70,10.89
23.08.20,10:14,61.6,17.70,10.90
24.08.20,07:51,61.5,17.70,10.89
25.08.20,08:57,61.5,17.60,10.82
26.08.20,09:35,61.2,17.60,10.77
27.08.20,08:58,61.2,17.50,10.71
28.08.20,08:42,61.9,17.50,10.83
29.08.20,09:10,62.1,17.40,10.81
30.08.20,09:56,61.8,17.40,10.75
31.08.20,08:26,61.2,17.50,10.71
01.09.20,08:21,61.8,17.60,10.88
02.09.20,08:29,61.9,17.60,10.89
03.09.20,08:52,61.8,17.60,10.88
04.09.20,09:33,61.3,17.60,10.79
05.09.20,09:30,60.4,17.50,10.57
06.09.20,09:25,60.9,17.20,10.47
07.09.20,09:19,61.7,17.30,10.67
08.09.20,07:47,61.8,17.30,10.69
09.09.20,08:41,61.6,17.20,10.60
10.09.20,09:23,60.7,17.10,10.38
11.09.20,08:21,60.6,17.10,10.36
12.09.20,09:26,60.2,17.10,10.29
13.09.20,10:39,60.2,17.10,10.29
14.09.20,07:35,60.5,17.10,10.35
15.09.20,07:26,60.6,17.10,10.36
16.09.20,08:52,61.0,17.10,10.43
17.09.20,08:02,60.3,17.00,10.25
18.09.20,07:41,61.3,17.00,10.42
19.09.20,10:14,60.8,17.10,10.40
20.09.20,09:07,60.7,17.10,10.38
21.09.20,08:27,60.5,17.30,10.47
22.09.20,07:43,60.4,17.40,10.51
23.09.20,08:49,60.7,17.30,10.50
24.09.20,08:36,61.4,17.10,10.50
25.09.20,07:44,61.2,17.00,10.40
26.09.20,08:54,60.8,17.10,10.40
27.09.20,10:07,60.7,17.30,10.50
28.09.20,07:43,60.9,17.30,10.54
29.09.20,07:37,60.9,17.40,10.60
30.09.20,07:45,61.0,17.20,10.49
01.10.20,09:09,62.0,17.30,10.73
02.10.20,07:40,61.6,17.50,10.78
03.10.20,10:08,61.3,17.40,10.67
04.10.20,10:16,60.7,17.50,10.62
05.10.20,07:41,60.7,17.40,10.56
06.10.20,07:40,60.3,17.60,10.61
07.10.20,08:47,61.1,17.50,10.69
08.10.20,07:47,61.3,17.50,10.73
09.10.20,07:35,61.4,17.50,10.75
10.10.20,10:02,61.2,17.60,10.77
11.10.20,09:59,61.3,17.60,10.79
12.10.20,07:43,60.9,17.60,10.72
13.10.20,07:43,60.6,17.60,10.67
14.10.20,08:48,60.8,17.60,10.70
15.10.20,08:38,60.9,17.60,10.72
16.10.20,08:50,61.4,17.60,10.81
17.10.20,11:17,61.0,17.60,10.74
18.10.20,10:09,61.2,17.70,10.83
19.10.20,09:36,61.4,17.70,10.87
20.10.20,10:28,61.7,17.70,10.92
21.10.20,11:10,61.7,17.80,10.98
22.10.20,07:44,62.1,17.80,11.05
23.10.20,11:21,61.9,17.70,10.96
24.10.20,10:50,61.8,17.80,11.00
25.10.20,10:14,61.7,17.70,10.92
26.10.20,09:57,61.9,17.80,11.02
27.10.20,08:45,61.8,17.80,11.00
28.10.20,09:38,61.8,17.90,11.06
29.10.20,07:44,62.6,18.00,11.27
30.10.20,07:43,62.6,18.20,11.39
31.10.20,10:29,61.8,18.20,11.25
01.11.20,10:23,61.6,18.20,11.21
02.11.20,07:48,62.1,18.30,11.36
03.11.20,08:04,61.8,18.30,11.31
04.11.20,09:10,61.6,18.30,11.27
05.11.20,07:48,62.2,18.40,11.44
06.11.20,07:44,62.4,18.40,11.48
07.11.20,09:20,62.4,18.30,11.42
08.11.20,09:44,62.3,18.20,11.34
09.11.20,07:49,62.6,18.20,11.39
10.11.20,09:10,62.7,18.20,11.41
11.11.20,09:10,62.7,18.10,11.35
12.11.20,07:46,62.7,18.20,11.41
13.11.20,07:37,63.0,18.20,11.47
14.11.20,09:51,62.3,18.20,11.34
15.11.20,10:35,62.2,18.30,11.38
16.11.20,07:52,62.9,18.40,11.57
17.11.20,07:40,62.9,18.60,11.70
18.11.20,09:03,63.3,18.40,11.65
19.11.20,07:41,63.5,18.40,11.68
20.11.20,07:38,63.3,18.40,11.65
21.11.20,08:48,63.0,18.40,11.59
22.11.20,09:32,62.8,18.40,11.56
23.11.20,07:40,63.0,18.50,11.66
24.11.20,07:41,63.0,18.50,11.66
25.11.20,09:30,62.7,18.50,11.60
26.11.20,09:52,62.9,18.50,11.64
27.11.20,10:30,62.8,18.50,11.62
28.11.20,10:05,62.1,18.50,11.49
29.11.20,10:51,62.6,18.60,11.64
30.11.20,09:13,63.2,18.60,11.76
01.12.20,08:17,63.2,18.70,11.82
02.12.20,10:11,63.3,18.60,11.77
03.12.20,07:43,63.7,18.70,11.91
04.12.20,07:43,63.9,18.80,12.01
05.12.20,10:44,63.2,18.80,11.88
06.12.20,10:16,63.4,18.90,11.98
07.12.20,07:43,63.1,18.80,11.86
08.12.20,09:43,63.9,18.90,12.08
09.12.20,08:50,63.7,19.00,12.10
10.12.20,07:49,63.8,19.00,12.12
11.12.20,07:35,64.2,19.10,12.26
12.12.20,08:50,63.1,19.10,12.05
13.12.20,10:14,63.6,19.10,12.15
14.12.20,07:31,63.7,19.20,12.23
15.12.20,07:36,64.2,19.20,12.33
16.12.20,08:48,64.3,19.10,12.28
17.12.20,07:41,64.6,19.20,12.40
18.12.20,07:29,63.8,19.30,12.31
19.12.20,09:49,63.4,19.40,12.30
20.12.20,11:00,63.0,19.40,12.22
21.12.20,09:16,63.2,19.50,12.32
22.12.20,07:44,63.8,19.50,12.44
23.12.20,09:30,63.9,19.40,12.40
24.12.20,09:20,64.2,19.30,12.39
25.12.20,10:03,63.6,19.20,12.21
26.12.20,10:22,63.5,19.40,12.32
27.12.20,11:21,63.7,19.40,12.36
28.12.20,10:08,63.3,19.40,12.28
29.12.20,10:11,64.3,19.60,12.60
30.12.20,09:51,64.6,19.70,12.73
31.12.20,10:22,65.0,20.00,13.00
01.01.21,10:41,65.3,20.00,13.06
02.01.21,10:50,64.8,20.00,12.96
03.01.21,10:54,65.2,20.10,13.11
04.01.21,09:35,65.1,20.20,13.15
05.01.21,09:44,64.8,20.20,13.09
06.01.21,09:56,65.1,20.20,13.15
07.01.21,10:24,65.0,20.10,13.07
08.01.21,09:33,65.4,20.00,13.08
09.01.21,11:21,64.8,19.90,12.90
10.01.21,11:26,64.8,19.80,12.83
11.01.21,07:28,64.8,19.80,12.83
12.01.21,07:42,64.5,19.80,12.77
13.01.21,10:21,63.7,19.80,12.61
14.01.21,07:39,64.3,19.90,12.80
15.01.21,07:42,65.2,19.60,12.78
16.01.21,09:01,65.0,19.40,12.61
17.01.21,11:00,64.4,19.50,12.56
18.01.21,07:53,64.6,19.70,12.73
19.01.21,07:34,64.7,19.70,12.75
20.01.21,09:52,64.6,19.60,12.66
21.01.21,07:30,65.0,19.70,12.81
22.01.21,07:37,64.3,19.90,12.80
23.01.21,10:14,64.4,19.90,12.82
24.01.21,10:20,65.0,19.70,12.81
25.01.21,08:02,65.1,19.70,12.82
26.01.21,09:31,64.7,19.70,12.75
27.01.21,10:45,64.7,19.70,12.75
28.01.21,08:32,64.8,19.80,12.83
29.01.21,08:30,64.7,19.80,12.81
30.01.21,10:07,64.7,19.90,12.88
31.01.21,11:06,64.8,20.00,12.96
01.02.21,08:29,65.4,20.00,13.08
02.02.21,07:44,65.1,20.10,13.09
03.02.21,10:46,65.1,20.10,13.09
04.02.21,07:36,65.3,20.10,13.13
05.02.21,07:21,65.6,20.10,13.19
06.02.21,09:47,65.4,20.10,13.15
07.02.21,10:51,65.3,20.10,13.13
08.02.21,08:08,65.1,20.20,13.15
09.02.21,08:30,65.3,20.20,13.19
10.02.21,09:12,65.5,20.20,13.23
11.02.21,07:35,65.4,20.30,13.28
12.02.21,07:35,65.6,20.40,13.38
13.02.21,10:45,65.3,20.40,13.32
14.02.21,11:00,64.6,20.50,13.24
15.02.21,07:33,66.2,20.60,13.64
16.02.21,07:33,65.9,20.90,13.77
17.02.21,08:56,65.7,20.80,13.67
18.02.21,07:40,66.3,20.70,13.72
19.02.21,07:38,66.2,20.60,13.64
20.02.21,09:46,65.2,20.50,13.37
21.02.21,11:18,65.4,20.50,13.41
22.02.21,08:26,65.5,20.70,13.56
23.02.21,07:31,65.4,20.80,13.60
24.02.21,09:13,65.3,20.80,13.58
25.02.21,07:45,65.6,20.90,13.71
26.02.21,08:23,65.5,20.90,13.69
27.02.21,10:22,65.7,20.80,13.67
28.02.21,10:33,65.5,20.80,13.62
01.03.21,07:38,65.9,20.90,13.77
02.03.21,07:35,66.0,20.90,13.79
03.03.21,09:22,65.7,20.90,13.73
04.03.21,08:21,65.5,20.90,13.69
05.03.21,00:00:00,65.6,20.90,13.71
06.03.21,08:40,65.7,20.90,13.73
07.03.21,10:18,66.1,21.00,13.88
08.03.21,08:45,65.9,21.00,13.84
09.03.21,07:36,66.0,21.10,13.93
10.03.21,08:51,66.1,21.10,13.95
11.03.21,07:30,66.3,21.10,13.99
12.03.21,08:48,66.5,21.10,14.03
13.03.21,09:52,66.6,21.20,14.12
14.03.21,09:36,66.2,21.20,14.03
15.03.21,07:36,66.3,21.20,14.06
16.03.21,07:32,66.3,21.20,14.06
17.03.21,09:04,66.2,21.20,14.03
18.03.21,08:47,65.5,21.30,13.95
19.03.21,08:06,65.6,21.40,14.04
20.03.21,10:45,65.3,21.50,14.04
21.03.21,12:08,65.2,21.70,14.15
22.03.21,09:05,65.6,21.60,14.17
23.03.21,08:39,65.8,21.60,14.21
24.03.21,08:43,65.5,21.60,14.15
25.03.21,08:02,65.7,21.60,14.19
26.03.21,08:46,65.4,21.60,14.13
27.03.21,09:23,65.2,21.60,14.08
28.03.21,11:50,64.8,21.60,14.00
29.03.21,07:34,65.2,21.70,14.15
30.03.21,07:36,65.3,21.70,14.17
31.03.21,09:14,65.3,21.60,14.10
01.04.21,07:44,65.4,21.60,14.13
02.04.21,07:24,65.4,21.60,14.13
03.04.21,09:33,65.5,21.50,14.08
04.04.21,08:57,65.8,21.40,14.08
05.04.21,10:44,65.3,21.40,13.97
06.04.21,07:49,65.1,21.40,13.93
07.04.21,07:36,64.7,21.50,13.91
08.04.21,07:44,64.6,21.40,13.82
09.04.21,07:40,64.2,21.40,13.74
10.04.21,09:49,64.9,21.30,13.82
11.04.21,09:47,65.3,21.20,13.84
12.04.21,08:29,64.6,21.10,13.63
13.04.21,08:55,64.9,21.10,13.69
14.04.21,09:18,65.1,21.10,13.74
15.04.21,07:57,64.9,21.10,13.69
16.04.21,08:01,65.3,21.00,13.71
17.04.21,09:18,64.8,20.90,13.54
18.04.21,09:53,64.7,20.90,13.52
19.04.21,07:39,64.3,20.90,13.44
20.04.21,07:35,64.5,20.80,13.42
21.04.21,09:13,64.8,20.80,13.48
22.04.21,07:39,64.3,20.80,13.37
23.04.21,07:34,64.7,20.80,13.46
24.04.21,09:32,64.5,20.70,13.35
25.04.21,10:06,64.1,20.70,13.27
26.04.21,07:29,64.7,20.70,13.39
27.04.21,07:22,64.5,20.70,13.35
28.04.21,08:56,64.4,20.60,13.27
29.04.21,07:33,64.2,20.60,13.23
30.04.21,08:47,63.9,20.60,13.16
01.05.21,08:52,63.9,20.60,13.16
02.05.21,09:50,63.9,20.60,13.16
03.05.21,07:27,64.2,20.50,13.16
04.05.21,07:29,63.9,20.60,13.16
05.05.21,08:46,64.0,20.60,13.18
06.05.21,07:37,64.5,20.60,13.29
07.05.21,07:43,64.0,20.50,13.12
08.05.21,09:02,64.0,20.50,13.12
09.05.21,10:05,63.8,20.50,13.08
10.05.21,07:36,64.2,20.40,13.10
11.05.21,07:30,64.1,20.40,13.08
12.05.21,09:43,63.5,20.30,12.89
13.05.21,08:35,64.6,20.00,12.92
14.05.21,09:24,64.1,19.70,12.63
15.05.21,09:15,64.8,19.70,12.77
16.05.21,11:45,63.6,19.90,12.66
17.05.21,07:44,63.9,20.00,12.78
18.05.21,07:49,64.1,20.10,12.88
19.05.21,09:57,64.5,20.00,12.90
20.05.21,09:26,64.0,20.10,12.86
21.05.21,07:35,64.3,20.20,12.99
22.05.21,09:40,64.3,20.10,12.92
23.05.21,09:45,63.6,20.10,12.78
24.05.21,10:03,64.1,19.90,12.76
25.05.21,07:48,64.6,19.80,12.79
26.05.21,08:45,64.1,19.80,12.69
27.05.21,07:44,64.1,19.90,12.76
28.05.21,07:31,64.0,20.00,12.80
29.05.21,09:56,63.7,20.00,12.74
30.05.21,10:53,63.4,20.10,12.74
31.05.21,07:41,63.7,20.00,12.74
01.06.21,07:34,63.9,20.00,12.78
02.06.21,08:24,64.0,20.00,12.80
03.06.21,10:07,63.8,19.90,12.70
04.06.21,08:41,63.5,19.90,12.64
05.06.21,09:30,63.7,19.90,12.68
06.06.21,10:40,63.9,19.80,12.65
07.06.21,09:03,63.9,19.90,12.72
08.06.21,08:47,64.4,19.80,12.75
09.06.21,09:49,63.3,19.80,12.53
10.06.21,08:42,63.7,19.80,12.61
11.06.21,08:52,63.4,19.60,12.43
12.06.21,08:31,63.7,19.70,12.55
13.06.21,09:55,63.8,19.70,12.57
14.06.21,07:38,63.5,19.80,12.57
15.06.21,07:26,63.8,19.90,12.70
16.06.21,09:10,63.8,19.80,12.63
17.06.21,07:38,63.9,19.90,12.72
18.06.21,07:09,63.9,19.90,12.72
19.06.21,09:09,63.9,19.80,12.65
20.06.21,10:06,64.1,19.70,12.63
21.06.21,07:35,64.1,19.70,12.63
22.06.21,07:34,64.6,19.70,12.73
23.06.21,08:38,63.9,19.70,12.59
24.06.21,07:26,63.7,19.70,12.55
25.06.21,07:35,63.9,19.70,12.59
26.06.21,09:32,63.9,19.70,12.59
27.06.21,11:01,63.9,19.70,12.59
28.06.21,07:43,64.0,19.70,12.61
29.06.21,07:35,64.0,19.70,12.61
30.06.21,08:56,64.2,19.70,12.65
01.07.21,07:34,64.3,19.70,12.67
02.07.21,07:33,64.6,19.70,12.73
03.07.21,09:18,63.6,19.70,12.53
04.07.21,09:53,64.3,19.80,12.73
05.07.21,08:01,64.8,19.70,12.77
06.07.21,07:38,64.8,19.70,12.77
07.07.21,08:48,64.3,19.60,12.60
08.07.21,07:43,64.3,19.60,12.60
09.07.21,07:39,64.6,19.50,12.60
10.07.21,10:50,64.2,19.50,12.52
11.07.21,10:49,63.5,19.60,12.45
12.07.21,07:55,64.4,19.90,12.82
13.07.21,07:45,64.8,20.10,13.02
14.07.21,09:29,64.3,19.80,12.73
15.07.21,07:49,64.4,19.90,12.82
16.07.21,07:37,64.7,19.80,12.81
17.07.21,09:27,64.6,19.70,12.73
18.07.21,11:05,64.4,19.80,12.75
19.07.21,07:46,64.1,19.80,12.69
20.07.21,07:34,64.7,19.90,12.88
21.07.21,09:55,64.2,19.90,12.78
22.07.21,07:44,64.3,20.00,12.86
23.07.21,07:31,64.6,20.10,12.98
24.07.21,09:02,64.3,20.10,12.92
25.07.21,09:22,64.5,20.10,12.96
26.07.21,09:27,64.0,20.20,12.93
27.07.21,08:51,64.5,20.20,13.03
28.07.21,09:47,64.2,20.20,12.97
29.07.21,09:25,64.8,20.10,13.02
30.07.21,09:00,64.8,20.10,13.02
31.07.21,10:46,64.7,20.00,12.94
01.08.21,10:54,64.6,20.00,12.92
02.08.21,09:23,64.2,20.00,12.84
03.08.21,07:51,64.6,20.10,12.98
04.08.21,09:45,65.2,19.90,12.97
05.08.21,09:29,64.6,20.00,12.92
06.08.21,10:02,63.8,20.10,12.82
07.08.21,08:10,64.7,20.30,13.13
08.08.21,10:15,64.8,20.20,13.09
09.08.21,08:59,64.1,20.20,12.95
10.08.21,07:35,64.2,20.30,13.03
11.08.21,08:37,64.6,20.20,13.05
12.08.21,07:32,64.4,20.30,13.07
13.08.21,07:36,64.4,20.30,13.07
14.08.21,09:58,64.6,20.20,13.05
15.08.21,10:23,64.1,20.20,12.95
16.08.21,07:33,65.0,20.20,13.13
17.08.21,07:47,65.3,20.20,13.19
18.08.21,09:02,64.9,20.20,13.11
19.08.21,07:29,65.2,20.20,13.17
20.08.21,07:38,64.9,20.30,13.17
21.08.21,10:02,64.9,20.30,13.17
22.08.21,09:58,64.5,20.30,13.09
23.08.21,08:37,64.7,20.40,13.20
24.08.21,07:39,64.5,20.40,13.16
25.08.21,08:25,64.3,20.50,13.18
26.08.21,07:44,64.1,20.50,13.14
27.08.21,07:52,64.6,20.50,13.24
28.08.21,09:49,65.3,20.50,13.39
29.08.21,08:56,65.3,20.40,13.32
30.08.21,08:36,65.2,20.40,13.30
31.08.21,08:39,64.8,20.50,13.28
01.09.21,08:42,65.0,20.40,13.26
02.09.21,08:52,64.5,20.50,13.22
03.09.21,08:51,64.3,20.60,13.25
04.09.21,09:36,64.4,20.60,13.27
05.09.21,10:28,64.7,20.60,13.33
06.09.21,07:40,64.1,20.60,13.20
09.09.21,07:32,64.7,20.80,13.46
10.09.21,08:35,64.4,20.80,13.40
11.09.21,10:30,64.9,20.70,13.43
12.09.21,09:12,65.1,20.70,13.48
13.09.21,07:41,65.2,20.70,13.50
14.09.21,07:44,65.1,20.70,13.48
15.09.21,08:27,65.1,20.60,13.41
16.09.21,07:46,64.7,20.60,13.33
17.09.21,07:50,65.2,20.50,13.37
18.09.21,09:39,65.3,20.40,13.32
19.09.21,09:40,65.5,20.40,13.36
20.09.21,09:08,65.2,20.50,13.37
21.09.21,07:32,65.2,20.50,13.37
25.09.21,08:33,64.2,20.40,13.10
26.09.21,10:20,64.4,20.30,13.07
27.09.21,07:46,64.3,20.30,13.05
30.09.21,07:51,64.0,20.30,12.99
01.10.21,07:37,64.2,20.30,13.03
02.10.21,10:17,63.3,20.30,12.85
03.10.21,09:51,63.5,20.10,12.76
04.10.21,07:28,64.0,20.10,12.86
05.10.21,07:31,64.0,20.00,12.80
06.10.21,23:59,63.9,,12.78
07.10.21,07:16,64.5,19.90,12.84
08.10.21,07:33,64.3,20.00,12.86
09.10.21,10:06,63.0,20.00,12.60
10.10.21,10:13,63.4,20.20,12.81
11.10.21,09:08,64.0,20.00,12.80
12.10.21,08:34,63.9,20.10,12.84
13.10.21,08:37,64.4,20.10,12.94
14.10.21,07:39,63.9,20.10,12.84
15.10.21,08:40,64.0,20.10,12.86
16.10.21,09:55,64.2,20.00,12.84
17.10.21,09:46,64.0,20.10,12.86
18.10.21,07:36,64.5,20.20,13.03
19.10.21,07:42,63.9,20.20,12.91
20.10.21,07:49,64.4,20.20,13.01
21.10.21,07:42,64.0,20.20,12.93
22.10.21,07:46,64.2,20.10,12.90
23.10.21,09:42,64.1,20.10,12.88
24.10.21,09:55,64.6,20.20,13.05
25.10.21,07:35,64.3,20.20,12.99
26.10.21,10:03,64.0,20.30,12.99
27.10.21,08:53,63.9,20.30,12.97
30.10.21,09:25,63.9,20.30,12.97
31.10.21,08:28,64.4,20.30,13.07
01.11.21,08:34,64.6,20.20,13.05
02.11.21,07:40,64.5,20.20,13.03
03.11.21,08:28,64.4,20.20,13.01
04.11.21,07:31,63.9,20.40,13.04
05.11.21,07:32,63.7,20.40,12.99
06.11.21,09:01,64.0,20.40,13.06
07.11.21,08:35,64.4,20.40,13.14
08.11.21,09:27,64.0,20.40,13.06
09.11.21,07:41,64.1,20.40,13.08
10.11.21,07:35,64.5,20.30,13.09
11.11.21,07:49,63.7,20.40,12.99
12.11.21,09:06,64.3,20.30,13.05
13.11.21,08:50,64.1,20.20,12.95
14.11.21,10:02,65.0,20.00,13.00
15.11.21,07:43,64.9,19.80,12.85
16.11.21,07:43,64.9,20.00,12.98
17.11.21,09:08,64.5,20.10,12.96
18.11.21,07:40,64.6,20.20,13.05
19.11.21,07:46,64.9,20.20,13.11
20.11.21,09:34,65.1,20.20,13.15
21.11.21,09:45,64.4,20.20,13.01
22.11.21,07:41,64.3,20.20,12.99
23.11.21,07:45,64.3,20.20,12.99
24.11.21,07:53,65.1,20.10,13.09
25.11.21,07:32,64.9,20.10,13.04
26.11.21,07:43,64.7,20.10,13.00
27.11.21,08:47,64.7,20.00,12.94
28.11.21,09:36,64.6,19.90,12.86
29.11.21,07:43,64.3,19.90,12.80
30.11.21,07:43,64.1,19.90,12.76
01.12.21,07:53,64.5,19.80,12.77
02.12.21,09:03,63.2,20.00,12.64
03.12.21,09:06,63.4,20.40,12.93
04.12.21,09:01,63.4,20.10,12.74
05.12.21,08:58,63.9,19.90,12.72
06.12.21,08:33,63.7,19.80,12.61
07.12.21,07:45,64.2,19.70,12.65
08.12.21,10:00,64.0,19.60,12.54
09.12.21,07:42,63.9,19.60,12.52
10.12.21,07:41,64.5,19.50,12.58
11.12.21,08:38,64.0,19.60,12.54
12.12.21,10:10,64.0,19.60,12.54
13.12.21,07:42,63.9,19.60,12.52
14.12.21,07:43,64.2,19.60,12.58
15.12.21,09:07,63.6,19.60,12.47
16.12.21,09:07,63.4,19.70,12.49
17.12.21,09:17,63.1,19.70,12.43
18.12.21,09:49,63.2,19.70,12.45
19.12.21,10:21,63.5,19.60,12.45
20.12.21,07:43,64.0,19.60,12.54
21.12.21,07:38,63.7,19.60,12.49
22.12.21,07:56,63.0,19.60,12.35
23.12.21,07:33,63.7,19.50,12.42
24.12.21,09:55,63.6,19.50,12.40
25.12.21,09:55,64.0,19.40,12.42
26.12.21,10:46,64.0,19.40,12.42
27.12.21,08:03,63.9,19.40,12.40
28.12.21,10:00,63.5,19.40,12.32
29.12.21,10:22,63.7,19.40,12.36
30.12.21,10:22,63.8,19.40,12.38
31.12.21,10:09,64.3,19.30,12.41
01.01.22,09:32,64.5,19.30,12.45
02.01.22,10:25,64.2,19.30,12.39
03.01.22,08:16,65.0,19.30,12.55
04.01.22,08:37,64.3,19.60,12.60
05.01.22,08:57,64.0,19.70,12.61
06.01.22,08:55,64.3,19.80,12.73
07.01.22,08:24,64.5,19.80,12.77
08.01.22,09:33,64.1,19.80,12.69
09.01.22,10:45,64.1,19.90,12.76
10.01.22,08:45,64.3,19.80,12.73
11.01.22,08:23,64.1,19.80,12.69
12.01.22,07:51,64.1,19.80,12.69
13.01.22,07:40,64.3,19.70,12.67
14.01.22,08:29,63.9,19.70,12.59
15.01.22,09:36,63.7,19.70,12.55
16.01.22,09:58,63.9,19.70,12.59
17.01.22,08:24,64.4,19.60,12.62
18.01.22,07:33,64.2,19.60,12.58
19.01.22,07:50,64.1,19.60,12.56
20.01.22,07:45,64.2,19.60,12.58
21.01.22,07:31,63.9,19.60,12.52
22.01.22,09:29,63.3,19.60,12.41
23.01.22,10:54,64.1,19.50,12.50
24.01.22,07:44,64.1,19.40,12.44
25.01.22,07:44,63.5,19.40,12.32
26.01.22,08:53,63.1,19.50,12.30
27.01.22,08:31,63.4,19.40,12.30
28.01.22,07:53,63.4,19.50,12.36
29.01.22,09:46,63.7,19.40,12.36
30.01.22,09:46,63.3,19.40,12.28
31.01.22,07:48,63.3,19.40,12.28
01.02.22,07:40,63.4,19.30,12.24
02.02.22,07:46,63.5,19.30,12.26
03.02.22,08:33,63.4,19.20,12.17
04.02.22,08:18,63.2,19.20,12.13
05.02.22,08:59,63.6,19.10,12.15
06.02.22,09:21,63.2,19.10,12.07
07.02.22,08:33,63.0,19.10,12.03
08.02.22,08:34,63.2,19.10,12.07
09.02.22,08:16,63.2,19.10,12.07
10.02.22,07:36,63.6,19.10,12.15
11.02.22,08:07,63.7,19.10,12.17
12.02.22,09:25,63.2,19.10,12.07
13.02.22,09:34,63.0,19.10,12.03
14.02.22,09:23,62.5,19.10,11.94
15.02.22,09:52,62.6,19.20,12.02
16.02.22,07:45,63.2,19.20,12.13
17.02.22,09:10,63.2,19.20,12.13
18.02.22,08:56,63.4,19.20,12.17
19.02.22,09:55,63.0,19.20,12.10
20.02.22,09:18,63.4,19.10,12.11
21.02.22,08:05,63.6,19.20,12.21
22.02.22,07:45,64.0,19.30,12.35
23.02.22,07:48,63.9,19.30,12.33
24.02.22,08:04,63.5,19.30,12.26
26.02.22,08:09,63.3,19.30,12.22
27.02.22,08:03,63.5,19.30,12.26
27.02.22,09:29,63.0,19.40,12.22
28.02.22,07:38,62.8,19.40,12.18
01.03.22,07:28,62.7,19.40,12.16
02.03.22,08:11,63.2,19.50,12.32
03.03.22,07:37,63.5,19.50,12.38
04.03.22,08:38,63.2,19.40,12.26
05.03.22,10:21,62.4,19.40,12.11
06.03.22,09:13,62.5,19.40,12.12
07.03.22,08:31,62.7,19.40,12.16
08.03.22,07:38,62.8,19.50,12.25
09.03.22,07:42,63.0,19.50,12.29
10.03.22,07:46,62.8,19.40,12.18
11.03.22,07:55,62.9,19.30,12.14
12.03.22,10:20,62.2,19.30,12.00
13.03.22,10:18,62.4,19.20,11.98
14.03.22,07:25,63.5,19.20,12.19
15.03.22,07:30,63.1,19.10,12.05
16.03.22,07:45,63.2,19.10,12.07
17.03.22,07:30,63.1,19.20,12.12
18.03.22,07:35,62.7,19.20,12.04
19.03.22,09:08,63.1,19.20,12.12
20.03.22,10:20,62.6,19.20,12.02
21.03.22,07:36,62.9,19.20,12.08
22.03.22,07:38,63.1,19.20,12.12
23.03.22,07:39,62.7,19.30,12.10
24.03.22,07:34,63.1,19.20,12.12
25.03.22,07:26,62.8,19.20,12.06
26.03.22,09:21,63.0,19.20,12.10
27.03.22,11:03,62.8,19.20,12.06
28.03.22,07:42,63.3,19.20,12.15
29.03.22,07:41,63.7,19.20,12.23
30.03.22,07:48,63.8,19.10,12.19
31.03.22,07:32,63.5,19.10,12.13
01.04.22,07:38,63.5,19.10,12.13
02.04.22,09:24,63.3,19.00,12.03
03.04.22,10:13,63.4,19.10,12.11
04.04.22,07:34,63.7,19.10,12.17
05.04.22,07:40,63.7,19.20,12.23
06.04.22,09:08,63.2,19.20,12.13
07.04.22,07:39,63.3,19.20,12.15
08.04.22,07:45,63.4,19.20,12.17
09.04.22,09:26,63.6,19.30,12.27
10.04.22,09:46,63.6,19.20,12.21
11.04.22,07:41,63.9,19.20,12.27
12.04.22,07:36,64.0,19.20,12.29
13.04.22,07:51,63.3,19.20,12.15
14.04.22,07:41,63.6,19.20,12.21
15.04.22,07:38,63.8,19.30,12.31
16.04.22,09:21,64.2,19.20,12.33
17.04.22,08:23,63.9,19.10,12.20
18.04.22,09:27,63.9,19.00,12.14
19.04.22,07:49,63.6,19.00,12.08
20.04.22,07:42,63.9,19.00,12.14
21.04.22,07:21,63.6,19.00,12.08
22.04.22,07:35,64.1,19.00,12.18
23.04.22,08:56,64.4,18.90,12.17
24.04.22,08:04,64.1,18.90,12.11
25.04.22,07:39,63.6,19.00,12.08
26.04.22,07:26,63.5,19.00,12.07
27.04.22,07:44,63.8,19.00,12.12
28.04.22,07:41,64.0,19.00,12.16
29.04.22,07:37,63.8,19.10,12.19
30.04.22,10:01,63.3,19.10,12.09
01.05.22,09:14,63.2,19.10,12.07
02.05.22,09:01,63.7,19.10,12.17
03.05.22,07:37,63.6,19.20,12.21
04.05.22,07:47,63.6,19.20,12.21
05.05.22,07:25,63.1,19.20,12.12
06.05.22,07:34,63.9,19.10,12.20
07.05.22,12:17,63.2,19.10,12.07
08.05.22,10:34,62.6,19.40,12.14
09.05.22,07:39,63.1,19.50,12.30
10.05.22,07:24,63.1,19.50,12.30
11.05.22,08:59,62.9,19.50,12.27
12.05.22,07:51,63.2,19.50,12.32
13.05.22,07:42,63.1,19.50,12.30
14.05.22,08:59,62.6,19.40,12.14
15.05.22,10:12,62.6,19.40,12.14
16.05.22,07:40,63.1,19.40,12.24
17.05.22,07:35,63.5,19.30,12.26
20.05.22,07:42,63.3,19.30,12.22
21.05.22,08:20,63.5,19.20,12.19
22.05.22,10:06,63.5,19.20,12.19
23.05.22,07:46,63.7,19.20,12.23
24.05.22,07:40,63.6,19.20,12.21
25.05.22,07:44,63.4,19.10,12.11
26.05.22,09:13,63.5,19.10,12.13
27.05.22,07:46,63.3,19.10,12.09
28.05.22,09:45,63.4,19.10,12.11
29.05.22,10:17,63.6,19.10,12.15
30.05.22,08:58,63.3,19.10,12.09
31.05.22,08:59,63.1,19.10,12.05
01.06.22,07:45,62.8,19.10,11.99
02.06.22,08:39,63.0,19.10,12.03
03.06.22,09:01,62.9,19.10,12.01
04.06.22,09:27,63.3,19.00,12.03
05.06.22,09:15,63.8,19.00,12.12
06.06.22,09:46,63.8,18.90,12.06
07.06.22,07:33,63.4,19.00,12.05
08.06.22,07:46,63.7,18.90,12.04
09.06.22,07:38,63.7,18.90,12.04
10.06.22,07:30,63.4,18.90,11.98
11.06.22,09:15,63.1,18.90,11.93
12.06.22,10:25,63.9,18.90,12.08
13.06.22,08:51,63.9,18.90,12.08
14.06.22,09:34,63.9,19.00,12.14
15.06.22,07:46,64.4,19.10,12.30
16.06.22,08:46,64.4,19.10,12.30
17.06.22,07:39,64.2,19.20,12.33
18.06.22,09:59,63.8,19.30,12.31
19.06.22,10:57,63.7,19.30,12.29
20.06.22,07:44,64.0,19.40,12.42
21.06.22,07:50,65.0,19.30,12.55
24.06.22,07:40,64.9,19.50,12.66
25.06.22,10:19,64.5,19.80,12.77
26.06.22,11:11,64.5,19.90,12.84
27.06.22,07:43,64.4,20.00,12.88
28.06.22,07:36,65.1,19.90,12.95
29.06.22,08:08,65.1,19.70,12.82
30.06.22,07:45,65.3,19.60,12.80
01.07.22,07:53,65.4,19.60,12.82
02.07.22,18:52,64.4,19.70,12.69
04.07.22,09:21,63.6,19.90,12.66
05.07.22,10:50,63.8,19.80,12.63
06.07.22,09:55,64.1,19.80,12.69
07.07.22,09:46,64.1,19.90,12.76
08.07.22,10:52,64.7,19.90,12.88
09.07.22,09:23,64.2,19.90,12.78
10.07.22,10:36,64.3,20.00,12.86
11.07.22,08:36,64.1,20.10,12.88
12.07.22,10:19,64.1,20.20,12.95
13.07.22,09:19,64.3,20.20,12.99
14.07.22,08:59,64.8,20.20,13.09
15.07.22,10:23,65.3,20.21,13.20
16.07.22,09:34,64.9,20.24,13.14
17.07.22,10:26,64.8,20.22,13.10
18.07.22,07:16,64.6,20.32,13.12
19.07.22,07:28,64.9,20.36,13.21
20.07.22,09:08,64.8,20.38,13.21
21.07.22,07:20,65.2,20.37,13.28
22.07.22,07:19,64.9,20.30,13.17
23.07.22,09:04,65.2,20.30,13.24
24.07.22,10:48,65.1,20.28,13.20
25.07.22,07:25,65.0,20.33,13.21
26.07.22,07:41,65.0,20.35,13.23
27.07.22,08:37,64.7,20.45,13.23
28.07.22,07:27,65.3,20.52,13.40
29.07.22,07:19,64.8,20.58,13.34
30.07.22,09:01,65.2,20.52,13.38
31.07.22,10:25,64.7,20.53,13.28
01.08.22,07:28,65.2,20.52,13.38
02.08.22,07:26,65.0,20.44,13.29
03.08.22,08:50,64.2,20.54,13.19
04.08.22,06:55,64.5,20.57,13.27
07.08.22,09:36,62.8,20.77,13.04
08.08.22,07:37,63.5,20.08,12.75
09.08.22,07:20,63.3,19.78,12.52
10.08.22,08:02,62.8,19.85,12.47
11.08.22,08:48,63.0,19.77,12.46
12.08.22,09:27,62.6,19.75,12.36
13.08.22,09:27,62.5,19.70,12.31
14.08.22,09:41,62.6,19.60,12.27
15.08.22,10:46,62.9,19.48,12.25
16.08.22,08:18,62.7,19.43,12.18
17.08.22,07:49,62.6,19.42,12.16
18.08.22,07:29,63.4,19.29,12.23
19.08.22,07:16,63.0,19.25,12.13
20.08.22,08:39,63.5,19.32,12.27
21.08.22,09:38,63.2,19.33,12.22
22.08.22,07:21,63.1,19.11,12.06
23.08.22,09:47,63.2,19.21,12.14
24.08.22,07:50,63.3,19.23,12.17
25.08.22,07:58,63.2,19.05,12.04
26.08.22,07:26,63.2,19.02,12.02
27.08.22,08:44,63.3,19.07,12.07
28.08.22,10:24,63.8,19.10,12.19
29.08.22,09:08,63.4,19.07,12.09
30.08.22,08:57,63.8,19.04,12.15
31.08.22,07:45,63.2,19.12,12.08
01.09.22,08:47,63.2,19.25,12.17
02.09.22,09:20,63.4,19.29,12.23
03.09.22,08:54,62.9,19.39,12.20
04.09.22,08:35,63.1,19.40,12.24
05.09.22,08:33,63.5,19.33,12.27
06.09.22,07:32,63.4,19.32,12.25
07.09.22,07:49,63.5,19.37,12.30
08.09.22,07:07,63.9,19.29,12.33
09.09.22,07:26,63.3,19.27,12.20
10.09.22,09:11,63.0,19.27,12.14
11.09.22,09:13,63.2,19.24,12.16
12.09.22,07:27,63.9,19.19,12.26
13.09.22,07:21,63.3,19.32,12.23
14.09.22,07:55,63.2,19.28,12.18
15.09.22,07:24,63.2,19.12,12.08
16.09.22,07:36,63.0,19.09,12.03
17.09.22,08:32,63.4,19.14,12.13
18.09.22,09:04,63.2,19.21,12.14
19.09.22,07:24,63.4,19.24,12.20
20.09.22,07:24,63.0,19.21,12.10
21.09.22,09:00,62.8,19.25,12.09
22.09.22,07:28,63.2,19.22,12.15
23.09.22,07:11,63.0,19.16,12.07
24.09.22,08:44,63.2,19.18,12.12
25.09.22,08:59,62.8,19.20,12.06
26.09.22,07:26,63.4,19.14,12.13
27.09.22,07:20,63.2,19.11,12.08
30.09.22,08:54,63.8,19.03,12.14
01.10.22,10:21,63.5,19.02,12.08
02.10.22,09:14,63.1,18.95,11.96
03.10.22,07:29,63.2,19.01,12.01
04.10.22,07:30,62.9,18.98,11.94
05.10.22,07:44,62.7,19.07,11.96
06.10.22,07:33,63.3,19.01,12.03
07.10.22,07:34,63.1,18.98,11.98
08.10.22,08:48,63.5,18.92,12.01
09.10.22,08:04,63.3,18.88,11.95
10.10.22,08:13,63.8,18.89,12.05
11.10.22,08:09,63.7,18.95,12.07
12.10.22,07:49,63.0,19.01,11.98
13.10.22,07:32,63.2,19.08,12.06
14.10.22,07:43,63.1,18.99,11.98
15.10.22,09:50,63.4,18.95,12.01
16.10.22,09:58,63.4,18.94,12.01
17.10.22,08:39,62.9,19.04,11.98
18.10.22,08:53,63.2,19.05,12.04
19.10.22,08:59,63.5,19.09,12.12
20.10.22,09:19,63.2,19.19,12.13
21.10.22,08:31,63.6,19.22,12.22
22.10.22,09:04,63.7,19.25,12.26
23.10.22,10:10,63.4,19.30,12.24
24.10.22,07:40,63.2,19.32,12.21
25.10.22,07:35,63.2,19.32,12.21
26.10.22,09:07,63.6,19.25,12.24
27.10.22,07:40,63.8,19.26,12.29
28.10.22,07:40,63.8,19.24,12.28
29.10.22,09:21,64.0,19.22,12.30
29.10.22,10:21,64.0,19.22,12.30
30.10.22,08:54,64.1,19.16,12.28
31.10.22,08:26,64.0,19.12,12.24
01.11.22,09:01,63.1,19.14,12.08
02.11.22,07:48,63.3,19.19,12.15
03.11.22,09:16,63.3,19.16,12.13
04.11.22,07:31,63.4,19.22,12.19
05.11.22,08:52,63.2,19.25,12.17
06.11.22,09:08,62.9,19.25,12.11
07.11.22,07:39,63.7,19.21,12.24
08.11.22,07:29,63.6,19.24,12.24
09.11.22,08:35,62.9,19.35,12.17
10.11.22,08:15,63.0,19.37,12.20
11.11.22,08:25,63.4,19.24,12.20
12.11.22,08:34,63.3,19.16,12.13
13.11.22,09:30,63.1,19.10,12.05
14.11.22,07:48,63.4,19.09,12.10
15.11.22,07:38,62.8,19.09,11.99
16.11.22,07:51,62.2,19.10,11.88
17.11.22,07:41,63.0,19.20,12.10
18.11.22,07:35,63.6,19.00,12.08
19.11.22,08:59,63.3,19.00,12.03
20.11.22,08:49,63.0,18.90,11.91
21.11.22,07:47,62.5,19.00,11.88
22.11.22,07:35,63.0,19.00,11.97
23.11.22,08:55,62.9,19.00,11.95
24.11.22,08:44,63.2,19.00,12.01
25.11.22,08:24,63.0,19.10,12.03
26.11.22,09:18,63.1,19.10,12.05
27.11.22,09:17,62.8,19.10,11.99
28.11.22,08:40,63.3,19.00,12.03
29.11.22,07:37,63.0,19.00,11.97
30.11.22,07:30,62.4,19.00,11.86
01.12.22,07:33,62.6,19.00,11.89
02.12.22,07:37,63.0,19.00,11.97
03.12.22,09:07,63.2,19.00,12.01
04.12.22,08:53,62.9,19.10,12.01
05.12.22,07:31,63.3,19.10,12.09
06.12.22,07:37,63.1,19.00,11.99
07.12.22,07:46,62.8,19.10,11.99
08.12.22,08:43,62.7,19.10,11.98
09.12.22,07:35,63.5,19.00,12.07
10.12.22,08:31,63.1,18.90,11.93
11.12.22,09:32,63.0,19.00,11.97
12.12.22,07:29,63.3,19.10,12.09
13.12.22,07:29,63.5,19.10,12.13
14.12.22,07:49,63.6,19.10,12.15
15.12.22,08:29,63.5,19.10,12.13
16.12.22,08:53,63.4,19.10,12.11
17.12.22,09:13,63.5,19.20,12.19
18.12.22,08:53,63.5,19.20,12.19
19.12.22,07:44,63.2,19.30,12.20
20.12.22,07:38,64.0,19.30,12.35
21.12.22,07:45,63.7,19.40,12.36
22.12.22,07:35,64.0,19.40,12.42
23.12.22,07:57,63.6,19.30,12.27
24.12.22,09:17,63.3,19.40,12.28
25.12.22,09:25,62.9,19.40,12.20
26.12.22,09:27,63.4,19.40,12.30
27.12.22,08:30,64.3,19.40,12.47
28.12.22,09:11,64.1,19.40,12.43
29.12.22,09:29,63.9,19.50,12.46
30.12.22,08:38,63.7,19.60,12.49
31.12.22,09:11,64.5,19.60,12.64
01.01.23,09:15,64.9,19.50,12.66
02.01.23,08:49,64.2,19.40,12.45
03.01.23,09:04,64.0,19.40,12.42
04.01.23,09:02,64.0,19.60,12.54
05.01.23,09:23,64.3,19.50,12.54
06.01.23,09:16,64.2,19.50,12.52
07.01.23,09:02,64.7,19.40,12.55
08.01.23,08:52,64.4,19.40,12.49
09.01.23,07:36,64.3,19.30,12.41
10.01.23,07:41,64.0,19.30,12.35
11.01.23,07:45,64.1,19.30,12.37
12.01.23,07:47,64.3,19.20,12.35
13.01.23,07:35,64.3,19.20,12.35
14.01.23,09:14,64.2,19.10,12.26
15.01.23,09:29,63.9,19.10,12.20
16.01.23,07:43,63.5,19.20,12.19
17.01.23,07:42,63.3,19.20,12.15
18.01.23,08:22,63.4,19.10,12.11
19.01.23,07:40,63.1,19.10,12.05
20.01.23,07:38,63.0,19.10,12.03
21.01.23,08:00,63.0,19.10,12.03
22.01.23,08:55,63.0,19.10,12.03
23.01.23,07:32,63.3,19.10,12.09
24.01.23,07:35,63.1,19.00,11.99
25.01.23,07:40,62.9,19.00,11.95
26.01.23,08:00,62.4,19.00,11.86
27.01.23,08:29,62.7,18.90,11.85
28.01.23,09:13,62.6,18.90,11.83
29.01.23,08:56,62.7,18.90,11.85
30.01.23,08:27,63.0,18.80,11.84
31.01.23,08:39,62.7,18.80,11.79
01.02.23,08:42,62.5,18.80,11.75
02.02.23,08:07,62.5,18.80,11.75
03.02.23,09:00,62.3,18.70,11.65
04.02.23,08:48,62.6,18.80,11.77
05.02.23,09:34,62.4,18.70,11.67
06.02.23,07:39,63.0,18.70,11.78
07.02.23,07:37,62.6,18.70,11.71
08.02.23,07:49,62.5,18.70,11.69
09.02.23,07:35,62.8,18.70,11.74
10.02.23,07:35,62.5,18.70,11.69
11.02.23,09:02,62.0,18.70,11.59
12.02.23,08:14,62.2,18.60,11.57
13.02.23,07:36,62.8,18.50,11.62
14.02.23,07:35,61.9,18.40,11.39
15.02.23,07:46,62.2,18.20,11.32
16.02.23,07:32,61.8,18.30,11.31
17.02.23,07:36,61.5,18.20,11.19
18.02.23,08:27,61.6,18.20,11.21
19.02.23,09:11,61.6,18.10,11.15
20.02.23,07:29,63.3,17.90,11.33
21.02.23,07:31,62.6,17.80,11.14
22.02.23,08:28,62.4,17.70,11.04
23.02.23,07:30,61.9,17.80,11.02
24.02.23,07:54,61.7,17.70,10.92
25.02.23,08:49,62.2,17.80,11.07
26.02.23,09:09,61.9,17.80,11.02
27.02.23,07:27,62.2,17.90,11.13
28.02.23,07:25,62.0,17.90,11.10
01.03.23,07:49,61.9,17.90,11.08
02.03.23,07:36,62.1,17.90,11.12
03.03.23,07:33,62.1,17.80,11.05
04.03.23,08:46,61.8,17.90,11.06
05.03.23,09:11,61.4,17.90,10.99
06.03.23,07:27,61.5,17.80,10.95
07.03.23,07:36,61.7,17.80,10.98
09.03.23,07:33,62.8,17.70,11.12
10.03.23,07:22,62.4,17.50,10.92
11.03.23,09:03,61.9,17.50,10.83
12.03.23,09:23,61.5,17.50,10.76
13.03.23,07:35,61.8,17.50,10.81
14.03.23,07:33,61.6,17.60,10.84
15.03.23,07:30,61.7,17.50,10.80
16.03.23,07:24,61.2,17.60,10.77
17.03.23,07:23,61.9,17.60,10.89
18.03.23,08:00,61.5,17.60,10.82
19.03.23,09:16,61.7,17.50,10.80
20.03.23,07:28,61.4,17.60,10.81
21.03.23,07:42,61.5,17.50,10.76
22.03.23,07:43,61.2,17.50,10.71
23.03.23,07:37,61.1,17.50,10.69
24.03.23,07:27,61.1,17.50,10.69
25.03.23,08:47,61.2,17.50,10.71
26.03.23,10:27,60.8,17.40,10.58
27.03.23,07:32,61.4,17.40,10.68
28.03.23,07:43,61.7,,10.74
29.03.23,07:38,61.7,,10.74
30.03.23,08:59,61.4,17.40,10.68
31.03.23,07:39,61.5,17.40,10.70
01.04.23,09:04,62.0,17.40,10.79
02.04.23,09:50,61.6,17.40,10.72
03.04.23,07:27,62.1,17.50,10.87
04.04.23,07:32,61.6,17.40,10.72
05.04.23,07:47,61.3,17.40,10.67
06.04.23,07:48,62.2,17.40,10.82
07.04.23,09:21,61.5,17.30,10.64
08.04.23,09:41,61.6,17.30,10.66
09.04.23,09:09,61.6,17.30,10.66
10.04.23,09:13,61.4,17.30,10.62
11.04.23,09:03,62.1,17.40,10.81
12.04.23,07:40,61.7,17.70,10.92
13.04.23,09:12,61.6,17.80,10.96
14.04.23,08:59,61.2,17.80,10.89
15.04.23,09:57,61.9,17.80,11.02
16.04.23,09:19,61.5,17.80,10.95
17.04.23,10:16,61.4,17.90,10.99
18.04.23,08:27,61.1,17.90,10.94
19.04.23,09:45,60.6,17.90,10.85
20.04.23,07:45,60.9,17.90,10.90
21.04.23,07:44,60.4,17.80,10.75
22.04.23,08:32,60.9,17.70,10.78
23.04.23,09:33,61.2,17.60,10.77
24.04.23,07:29,61.6,17.60,10.84
25.04.23,07:28,61.2,17.50,10.71
26.04.23,07:38,60.8,17.40,10.58
27.04.23,07:36,60.9,17.30,10.54
28.04.23,08:31,60.6,17.40,10.54
29.04.23,09:42,60.9,17.30,10.54
30.04.23,09:17,60.7,17.30,10.50
01.05.23,09:05,61.3,17.30,10.60
02.05.23,07:28,61.1,17.20,10.51
03.05.23,07:50,61.0,17.10,10.43
04.05.23,07:17,61.6,17.10,10.53
05.05.23,07:31,61.4,17.20,10.56
06.05.23,09:09,61.9,17.10,10.58
07.05.23,09:19,61.4,17.00,10.44
08.05.23,08:33,61.5,17.00,10.46
09.05.23,08:21,61.6,17.00,10.47
10.05.23,07:49,61.1,17.00,10.39
11.05.23,08:31,60.7,17.00,10.32
12.05.23,08:33,61.0,16.90,10.31
13.05.23,08:45,60.9,16.90,10.29
14.05.23,09:33,60.7,16.90,10.26
15.05.23,07:36,61.1,16.90,10.33
16.05.23,07:37,61.0,17.00,10.37
17.05.23,09:12,60.8,17.00,10.34
18.05.23,09:43,60.9,17.00,10.35
19.05.23,07:45,60.8,17.00,10.34
20.05.23,09:12,61.2,17.00,10.40
21.05.23,09:38,61.5,17.00,10.46
22.05.23,07:33,61.9,17.00,10.52
23.05.23,07:52,61.6,17.10,10.53
24.05.23,07:47,61.7,17.10,10.55
25.05.23,07:37,61.1,17.20,10.51
26.05.23,07:32,61.4,17.20,10.56
27.05.23,08:49,61.1,17.20,10.51
28.05.23,09:18,61.7,17.30,10.67
29.05.23,08:23,61.9,17.30,10.71
30.05.23,08:22,61.8,17.30,10.69
31.05.23,07:31,61.8,17.40,10.75
01.06.23,08:41,61.7,17.40,10.74
02.06.23,08:16,61.0,17.50,10.68
03.06.23,09:22,61.5,17.40,10.70
04.06.23,09:41,61.9,17.30,10.71
05.06.23,08:30,61.8,17.40,10.75
06.06.23,07:45,62.1,17.50,10.87
07.06.23,07:40,62.5,17.40,10.87
08.06.23,09:04,62.3,17.40,10.84
09.06.23,07:52,62.7,17.30,10.85
10.06.23,09:02,62.3,17.40,10.84
11.06.23,09:35,61.7,17.50,10.80
12.06.23,07:42,62.4,17.60,10.98
13.06.23,07:36,62.1,17.80,11.05
14.06.23,07:53,61.9,17.90,11.08
15.06.23,08:55,62.9,18.00,11.32
16.06.23,07:45,62.0,18.00,11.16
17.06.23,09:01,62.4,17.90,11.17
18.06.23,10:07,61.9,18.00,11.14
19.06.23,07:41,62.8,17.80,11.18
20.06.23,07:50,62.3,17.80,11.09
21.06.23,07:49,62.3,17.90,11.15
22.06.23,07:42,62.4,18.00,11.23
23.06.23,07:47,62.6,17.90,11.21
24.06.23,09:38,62.7,17.90,11.22
25.06.23,09:42,62.1,18.00,11.18
26.06.23,07:53,62.1,18.00,11.18
27.06.23,07:56,62.8,18.00,11.30
28.06.23,07:45,62.4,18.20,11.36
29.06.23,07:43,62.2,18.20,11.32
30.06.23,08:17,62.4,18.30,11.42
03.07.23,07:54,62.6,18.20,11.39
04.07.23,09:04,62.2,18.20,11.32
05.07.23,09:33,62.1,18.20,11.30
06.07.23,08:52,62.3,18.30,11.40
07.07.23,09:08,62.8,18.30,11.49
08.07.23,09:36,63.1,18.40,11.61
09.07.23,09:53,63.4,18.40,11.67
10.07.23,08:27,63.5,18.40,11.68
11.07.23,08:54,63.1,18.50,11.67
12.07.23,07:45,62.8,18.50,11.62
13.07.23,07:58,63.9,18.50,11.82
14.07.23,07:54,63.2,18.70,11.82
15.07.23,09:19,63.2,18.70,11.82
16.07.23,06:02,62.6,18.80,11.77
17.07.23,07:38,63.2,18.70,11.82
18.07.23,07:41,63.2,18.60,11.76
19.07.23,08:50,63.1,18.50,11.67
20.07.23,08:48,63.2,18.40,11.63
21.07.23,07:43,63.0,18.50,11.66
22.07.23,09:02,63.0,18.50,11.66
23.07.23,10:13,62.5,18.50,11.56
24.07.23,07:51,63.3,18.60,11.77
25.07.23,07:52,63.4,18.70,11.86
26.07.23,09:17,62.8,18.80,11.81
27.07.23,08:24,62.6,18.90,11.83
28.07.23,08:09,62.6,19.00,11.89
29.07.23,09:24,62.6,19.00,11.89
30.07.23,09:07,62.8,18.90,11.87
31.07.23,08:12,63.3,18.80,11.90
01.08.23,08:18,63.3,18.70,11.84
02.08.23,08:38,62.7,18.70,11.72
03.08.23,08:23,62.9,18.80,11.83
04.08.23,08:00,62.8,18.80,11.81
05.08.23,09:08,62.9,18.80,11.83
06.08.23,09:39,63.3,18.80,11.90
07.08.23,07:55,63.0,18.80,11.84
08.08.23,08:04,63.2,18.80,11.88
09.08.23,08:44,63.0,18.80,11.84
10.08.23,11:19,63.6,18.80,11.96
11.08.23,08:03,63.6,18.70,11.89
12.08.23,09:34,63.3,18.80,11.90
13.08.23,09:37,63.1,18.80,11.86
14.08.23,08:56,63.3,18.80,11.90
15.08.23,09:05,63.9,18.90,12.08
16.08.23,08:54,63.6,18.90,12.02
17.08.23,08:55,63.8,19.00,12.12
18.08.23,08:37,64.0,19.00,12.16
19.08.23,08:48,64.8,19.10,12.38
20.08.23,09:15,63.8,19.20,12.25
21.08.23,08:03,63.0,19.30,12.16
22.08.23,07:49,63.7,19.30,12.29
23.08.23,07:31,64.3,19.40,12.47
24.08.23,07:58,64.4,19.40,12.49
25.08.23,07:52,63.6,19.50,12.40
26.08.23,09:38,63.5,19.50,12.38
27.08.23,08:38,63.6,19.50,12.40
28.08.23,08:22,63.6,19.40,12.34
29.08.23,08:46,63.4,19.40,12.30
30.08.23,07:42,62.9,19.60,12.33
31.08.23,09:25,63.6,19.50,12.40
01.09.23,08:43,63.8,19.40,12.38
02.09.23,09:13,63.0,19.50,12.29
03.09.23,09:39,63.1,19.30,12.18
04.09.23,07:28,63.2,19.20,12.13
05.09.23,08:27,62.9,19.20,12.08
06.09.23,09:16,62.7,19.10,11.98
07.09.23,08:15,63.2,19.20,12.13
08.09.23,08:08,63.1,19.20,12.12
09.09.23,08:59,62.9,19.30,12.14
10.09.23,09:45,62.6,19.30,12.08
11.09.23,07:07,63.4,19.20,12.17
12.09.23,08:16,63.1,19.10,12.05
13.09.23,07:48,62.6,19.00,11.89
14.09.23,08:38,62.9,19.00,11.95
15.09.23,08:38,62.2,19.10,11.88
16.09.23,08:41,62.4,19.20,11.98
17.09.23,09:09,62.2,19.20,11.94
18.09.23,08:10,62.5,19.20,12.00
19.09.23,07:14,62.4,19.10,11.92
20.09.23,07:50,62.2,19.10,11.88
21.09.23,08:53,61.9,19.10,11.82
22.09.23,08:35,62.3,19.10,11.90
23.09.23,08:46,62.8,19.00,11.93
24.09.23,07:18,62.5,18.90,11.81
25.09.23,07:04,63.0,18.80,11.84
26.09.23,07:10,62.5,18.80,11.75
27.09.23,07:51,62.7,18.80,11.79
28.09.23,09:18,62.7,18.80,11.79
29.09.23,08:37,62.0,18.80,11.66
30.09.23,10:11,62.8,18.60,11.68
01.10.23,08:28,63.0,18.40,11.59
02.10.23,07:53,62.7,18.40,11.54
03.10.23,08:53,62.2,18.40,11.44
04.10.23,07:55,61.9,18.50,11.45
05.10.23,07:07,62.3,18.60,11.59
06.10.23,08:24,62.3,18.60,11.59
07.10.23,09:16,62.1,18.60,11.55
08.10.23,10:26,61.6,18.60,11.46
09.10.23,08:33,62.0,18.60,11.53
10.10.23,08:31,61.6,18.60,11.46
11.10.23,07:54,61.4,18.60,11.42
12.10.23,06:50,61.8,18.60,11.49
13.10.23,07:56,61.3,18.60,11.40
14.10.23,09:07,61.3,18.60,11.40
15.10.23,09:33,61.4,18.60,11.42
16.10.23,08:56,61.6,18.60,11.46
17.10.23,09:10,61.6,18.50,11.40
18.10.23,08:55,60.9,18.50,11.27
19.10.23,07:26,61.0,18.40,11.22
20.10.23,08:44,61.1,18.40,11.24
21.10.23,08:33,61.0,18.30,11.16
22.10.23,08:55,60.8,18.20,11.07
23.10.23,08:47,60.9,18.10,11.02
24.10.23,09:18,61.8,18.00,11.12
25.10.23,09:05,61.3,17.80,10.91
26.10.23,10:33,61.0,17.70,10.80
27.10.23,08:52,61.4,17.70,10.87
28.10.23,09:37,61.4,17.70,10.87
29.10.23,08:08,61.0,17.70,10.80
30.10.23,08:44,61.0,17.60,10.74
31.10.23,08:40,61.6,17.50,10.78
01.11.23,08:42,61.0,17.40,10.61
02.11.23,08:25,61.1,17.20,10.51
03.11.23,08:19,61.1,17.10,10.45
04.11.23,09:37,61.2,17.10,10.47
05.11.23,09:13,61.6,17.10,10.53
06.11.23,07:02,61.4,17.20,10.56
07.11.23,07:42,61.2,17.20,10.53
08.11.23,07:53,61.7,17.20,10.61
09.11.23,08:56,61.7,17.20,10.61
10.11.23,09:08,61.3,17.20,10.54
11.11.23,09:47,62.0,17.20,10.66
12.11.23,10:12,61.7,17.20,10.61
13.11.23,07:17,61.6,17.20,10.60
17.11.23,07:10,63.6,17.50,11.13
18.11.23,10:14,62.2,19.00,11.82
19.11.23,10:22,62.2,19.50,12.13
20.11.23,09:25,62.3,19.60,12.21
21.11.23,09:33,61.6,19.40,11.95
22.11.23,09:43,61.7,19.30,11.91
23.11.23,09:00,62.0,19.30,11.97
24.11.23,09:34,62.0,19.20,11.90
25.11.23,09:47,61.7,19.20,11.85
26.11.23,08:16,61.8,19.10,11.80
27.11.23,04:56,60.9,19.00,11.57
28.11.23,08:10,61.7,18.50,11.41
29.11.23,07:50,62.4,18.20,11.36
30.11.23,09:55,61.9,18.20,11.27
01.12.23,06:58,62.2,18.30,11.38
02.12.23,09:37,61.9,18.30,11.33
03.12.23,08:20,61.9,18.40,11.39
04.12.23,07:17,62.0,18.30,11.35
05.12.23,07:51,62.5,18.20,11.38
06.12.23,07:53,62.3,18.10,11.28
07.12.23,07:20,62.9,18.00,11.32
08.12.23,09:30,62.9,17.90,11.26
09.12.23,08:40,63.6,17.70,11.26
10.12.23,08:56,63.1,17.60,11.11
11.12.23,08:42,62.8,17.80,11.18
12.12.23,08:41,62.5,17.90,11.19
13.12.23,07:44,62.9,18.20,11.45
14.12.23,08:27,62.5,18.40,11.50
15.12.23,07:11,61.9,18.50,11.45
16.12.23,09:10,61.7,18.60,11.48
17.12.23,09:13,61.7,18.70,11.54
18.12.23,08:28,62.1,18.70,11.61
19.12.23,08:10,62.0,18.70,11.59
20.12.23,07:35,62.0,18.80,11.66
21.12.23,08:13,61.8,18.80,11.62
22.12.23,07:01,61.8,18.80,11.62
23.12.23,12:09,62.6,18.70,11.71
24.12.23,09:25,62.0,18.50,11.47
26.12.23,08:49,62.7,18.50,11.60
26.12.23,09:49,62.7,18.50,11.60
27.12.23,09:01,62.5,18.50,11.56
27.12.23,10:01,62.5,18.50,11.56
28.12.23,08:33,62.5,18.60,11.63
28.12.23,09:33,62.5,18.60,11.63
29.12.23,08:58,62.9,18.60,11.70
29.12.23,09:58,62.9,18.60,11.70
30.12.23,08:45,62.8,18.60,11.68
30.12.23,09:45,62.8,18.60,11.68
31.12.23,08:50,62.8,18.60,11.68
31.12.23,09:50,62.8,18.60,11.68
01.01.24,09:42,63.1,18.50,11.67
01.01.24,10:42,63.1,18.50,11.67
02.01.24,09:42,62.2,18.60,11.57
02.01.24,10:42,62.2,18.60,11.57
03.01.24,09:35,62.1,18.70,11.61
03.01.24,10:35,62.1,18.70,11.61
04.01.24,09:54,62.3,18.60,11.59
04.01.24,10:54,62.3,18.60,11.59
05.01.24,09:23,63.1,18.50,11.67
05.01.24,10:23,63.1,18.50,11.67
06.01.24,09:28,62.7,18.50,11.60
06.01.24,10:28,62.7,18.50,11.60
07.01.24,09:09,62.4,18.60,11.61
07.01.24,10:09,62.4,18.60,11.61
08.01.24,07:32,62.9,18.80,11.83
08.01.24,08:32,62.9,18.80,11.83
09.01.24,04:18,62.8,18.80,11.81
09.01.24,05:18,62.8,18.80,11.81
13.01.24,08:30,63.9,19.00,12.14
13.01.24,09:30,63.9,19.00,12.14
14.01.24,08:03,63.3,19.20,12.15
14.01.24,09:03,63.3,19.20,12.15
15.01.24,06:20,63.2,19.10,12.07
15.01.24,07:20,63.2,19.10,12.07
16.01.24,07:55,63.0,19.10,12.03
16.01.24,08:55,63.0,19.10,12.03
17.01.24,06:53,63.0,19.10,12.03
17.01.24,07:53,63.0,19.10,12.03
18.01.24,08:25,62.7,19.10,11.98
18.01.24,09:25,62.7,19.10,11.98
19.01.24,06:20,62.8,19.10,11.99
19.01.24,07:20,62.8,19.10,11.99
20.01.24,08:43,63.0,19.00,11.97
20.01.24,09:43,63.0,19.00,11.97
21.01.24,07:45,63.2,19.00,12.01
21.01.24,08:45,63.2,19.00,12.01
22.01.24,06:10,62.9,19.00,11.95
22.01.24,07:10,62.9,19.00,11.95
23.01.24,08:12,62.4,18.90,11.79
23.01.24,09:12,62.4,18.90,11.79
24.01.24,06:43,62.5,18.80,11.75
24.01.24,07:43,62.5,18.80,11.75
25.01.24,08:03,62.0,18.80,11.66
25.01.24,09:03,62.0,18.80,11.66
26.01.24,06:18,62.2,18.70,11.63
26.01.24,07:18,62.2,18.70,11.63
27.01.24,09:35,61.8,18.60,11.49
27.01.24,10:35,61.8,18.60,11.49
28.01.24,09:05,61.9,18.50,11.45
28.01.24,10:05,61.9,18.50,11.45
29.01.24,06:00,62.4,18.50,11.54
29.01.24,07:00,62.4,18.50,11.54
30.01.24,07:51,62.1,18.50,11.49
30.01.24,08:51,62.1,18.40,11.43
31.01.24,05:41,62.1,18.40,11.43
31.01.24,06:41,62.1,18.40,11.43
01.02.24,07:55,61.9,18.40,11.39
01.02.24,08:55,61.9,18.40,11.39
02.02.24,05:56,62.3,18.50,11.53
02.02.24,06:56,62.3,18.40,11.46
03.02.24,07:02,62.5,18.40,11.50
03.02.24,08:02,62.5,18.40,11.50
04.02.24,08:24,62.3,18.30,11.40
04.02.24,09:24,62.3,18.30,11.40
05.02.24,08:18,62.8,18.20,11.43
05.02.24,09:18,62.8,18.20,11.43
06.02.24,09:45,61.9,18.30,11.33
06.02.24,10:45,61.9,18.30,11.33
07.02.24,10:22,62.0,18.50,11.47
07.02.24,11:22,62.0,18.50,11.47
08.02.24,08:38,62.1,18.50,11.49
08.02.24,09:38,62.1,18.40,11.43
09.02.24,09:54,61.8,18.50,11.43
09.02.24,10:54,61.8,18.40,11.37
10.02.24,10:00,62.2,18.60,11.57
10.02.24,11:00,62.2,18.60,11.57
11.02.24,09:51,61.9,18.60,11.51
11.02.24,10:51,61.9,18.60,11.51
12.02.24,08:36,62.1,18.60,11.55
12.02.24,09:36,62.1,18.60,11.55
13.02.24,08:34,62.2,18.60,11.57
13.02.24,09:34,62.2,18.60,11.57
14.02.24,08:16,61.9,18.70,11.58
14.02.24,09:16,61.9,18.60,11.51
15.02.24,09:07,61.7,18.70,11.54
15.02.24,10:07,61.7,18.70,11.54
16.02.24,07:27,62.0,18.70,11.59
16.02.24,08:27,62.0,18.70,11.59
17.02.24,07:39,62.0,18.70,11.59
17.02.24,08:39,62.0,18.70,11.59
18.02.24,07:09,61.7,18.60,11.48
18.02.24,08:09,61.7,18.60,11.48
19.02.24,07:39,62.2,18.60,11.57
19.02.24,08:39,62.2,18.60,11.57
20.02.24,07:21,62.1,18.50,11.49
20.02.24,08:21,62.1,18.50,11.49
21.02.24,06:38,62.8,18.60,11.68
21.02.24,07:38,62.8,18.60,11.68
22.02.24,09:07,62.6,18.60,11.64
22.02.24,10:07,62.6,18.50,11.58
23.02.24,05:56,62.3,18.60,11.59
23.02.24,06:56,62.3,18.50,11.53
24.02.24,08:32,62.4,18.50,11.54
24.02.24,09:32,62.4,18.50,11.54
25.02.24,10:06,62.1,18.50,11.49
25.02.24,11:06,62.1,18.40,11.43
26.02.24,07:58,62.3,18.50,11.53
26.02.24,08:58,62.3,18.40,11.46
27.02.24,07:30,62.5,18.50,11.56
27.02.24,08:30,62.5,18.50,11.56
28.02.24,06:41,62.5,18.50,11.56
28.02.24,07:41,62.5,18.40,11.50
29.02.24,07:36,61.9,18.50,11.45
29.02.24,08:36,61.9,18.50,11.45
01.03.24,07:26,62.0,18.30,11.35
01.03.24,08:26,62.0,18.20,11.28
02.03.24,08:52,62.6,18.30,11.46
02.03.24,09:52,62.6,18.20,11.39
03.03.24,08:46,62.1,18.30,11.36
03.03.24,09:46,62.1,18.30,11.36
04.03.24,08:59,62.8,18.30,11.49
04.03.24,09:59,62.8,18.30,11.49
05.03.24,08:20,62.9,18.20,11.45
05.03.24,09:20,62.9,18.20,11.45
06.03.24,06:48,62.8,18.30,11.49
06.03.24,07:48,62.8,18.30,11.49
07.03.24,05:51,62.9,18.40,11.57
07.03.24,06:51,62.9,18.40,11.57
08.03.24,07:51,62.6,18.50,11.58
08.03.24,08:51,62.6,18.40,11.52
09.03.24,07:42,62.3,18.50,11.53
09.03.24,08:42,62.3,18.50,11.53
10.03.24,09:14,63.1,18.60,11.74
10.03.24,10:14,63.1,18.60,11.74
11.03.24,05:53,63.0,18.90,11.91
11.03.24,06:53,63.0,18.90,11.91
12.03.24,07:12,62.7,18.90,11.85
12.03.24,08:12,62.7,18.90,11.85
13.03.24,06:37,62.9,18.90,11.89
13.03.24,07:37,62.9,18.90,11.89
14.03.24,08:07,62.7,18.90,11.85
14.03.24,09:07,62.7,18.90,11.85
15.03.24,06:05,62.6,18.90,11.83
15.03.24,07:05,62.6,18.90,11.83
16.03.24,08:45,62.5,18.80,11.75
16.03.24,09:45,62.5,18.80,11.75
17.03.24,08:36,62.9,18.90,11.89
17.03.24,09:36,62.9,18.80,11.83
18.03.24,05:56,63.2,18.90,11.94
18.03.24,06:56,63.2,18.90,11.94
19.03.24,07:28,63.2,19.00,12.01
19.03.24,08:28,63.2,19.00,12.01
20.03.24,04:32,63.3,19.00,12.03
20.03.24,05:32,63.3,19.00,12.03
22.03.24,09:37,64.0,18.90,12.10
23.03.24,09:56,63.5,19.00,12.07
24.03.24,09:57,63.6,19.10,12.15
26.03.24,09:35,63.5,19.00,12.07
27.03.24,07:48,63.5,19.10,12.13
28.03.24,08:39,63.1,19.10,12.05
29.03.24,09:40,62.9,19.10,12.01
30.03.24,10:28,62.8,19.00,11.93
31.03.24,09:57,63.5,19.00,12.07
01.04.24,10:05,63.1,18.90,11.93
02.04.24,09:28,63.6,18.80,11.96
03.04.24,07:51,63.7,18.80,11.98
04.04.24,07:31,63.5,18.80,11.94
05.04.24,09:01,64.3,18.60,11.96
06.04.24,10:13,63.9,18.50,11.82
07.04.24,10:20,64.0,18.60,11.90
08.04.24,10:07,64.4,18.70,12.04
09.04.24,09:27,63.8,18.80,11.99
10.04.24,10:16,63.5,18.90,12.00
11.04.24,09:49,63.0,19.10,12.03
12.04.24,07:19,64.0,19.00,12.16
13.04.24,09:23,64.1,19.00,12.18
14.04.24,09:44,63.9,19.00,12.14
15.04.24,07:15,63.8,19.00,12.12
16.04.24,08:52,63.5,19.10,12.13
17.04.24,07:40,64.2,19.10,12.26
18.04.24,07:16,63.7,19.30,12.29
19.04.24,09:40,63.1,19.40,12.24
20.04.24,08:53,64.1,19.40,12.43
21.04.24,05:26,63.9,19.60,12.52
22.04.24,07:09,64.0,19.40,12.42
23.04.24,07:13,64.4,19.40,12.49
24.04.24,08:15,64.2,19.30,12.39
25.04.24,09:10,63.7,19.30,12.29
26.04.24,07:12,63.6,19.40,12.34
27.04.24,06:30,63.8,19.40,12.38
05.05.24,10:22,63.2,19.30,12.20
06.05.24,06:52,63.9,19.20,12.27
07.05.24,08:27,63.3,19.10,12.09
08.05.24,07:28,63.1,19.10,12.05
09.05.24,09:01,62.7,19.10,11.98
10.05.24,10:21,62.7,19.10,11.98
11.05.24,07:42,62.8,19.00,11.93
12.05.24,10:39,63.0,19.00,11.97
13.05.24,07:21,62.9,18.90,11.89
14.05.24,09:23,62.5,18.90,11.81
15.05.24,07:51,62.8,18.90,11.87
16.05.24,09:02,62.6,18.90,11.83
17.05.24,07:11,63.1,18.80,11.86
18.05.24,09:00,62.7,18.70,11.72
19.05.24,06:41,62.1,18.60,11.55
20.05.24,09:24,62.6,18.40,11.52
21.05.24,10:21,62.8,18.30,11.49
22.05.24,07:47,62.9,18.20,11.45
23.05.24,08:47,62.8,18.20,11.43
24.05.24,07:18,62.7,18.10,11.35
25.05.24,09:18,62.6,18.10,11.33
26.05.24,08:48,62.8,18.00,11.30
27.05.24,08:40,62.5,18.00,11.25
28.05.24,07:09,62.3,17.90,11.15
29.05.24,07:50,62.2,17.90,11.13
30.05.24,07:34,62.5,17.90,11.19
31.05.24,08:33,62.2,17.90,11.13
01.06.24,06:44,61.8,17.80,11.00
02.06.24,08:09,61.6,17.80,10.96
03.06.24,07:13,61.8,17.80,11.00
04.06.24,09:25,61.3,17.70,10.85
05.06.24,08:06,61.5,17.70,10.89
06.06.24,08:46,61.1,17.60,10.75
07.06.24,07:10,61.4,17.50,10.75
08.06.24,08:04,60.8,,10.64
09.06.24,07:18,61.1,,10.69
10.06.24,08:49,61.2,17.50,10.71
11.06.24,09:22,61.3,17.40,10.67
12.06.24,07:52,61.3,17.30,10.60
13.06.24,07:05,60.9,17.30,10.54
14.06.24,07:07,60.9,17.30,10.54
15.06.24,08:19,61.0,,10.55
16.06.24,03:56,60.8,,10.52
17.06.24,07:07,61.3,17.20,10.54
18.06.24,08:02,61.4,17.10,10.50
19.06.24,07:47,61.6,17.00,10.47
20.06.24,09:07,60.5,17.00,10.29
21.06.24,07:19,60.9,16.80,10.23
22.06.24,10:56,60.6,16.70,10.12
23.06.24,08:56,60.7,16.70,10.14
24.06.24,07:08,61.4,16.80,10.32
25.06.24,07:58,60.8,16.80,10.21
26.06.24,08:24,61.1,16.70,10.20
27.06.24,06:21,61.3,16.60,10.18
28.06.24,07:08,60.8,16.70,10.15
30.06.24,06:36,60.4,16.70,10.09
01.07.24,08:31,60.5,16.70,10.10
02.07.24,09:38,60.5,16.60,10.04
03.07.24,09:14,60.6,16.60,10.06
04.07.24,09:17,60.4,16.70,10.09
05.07.24,09:02,60.5,16.70,10.10
06.07.24,10:24,60.3,16.70,10.07
07.07.24,07:41,60.6,16.70,10.12
08.07.24,08:46,60.7,16.70,10.14
09.07.24,09:18,60.8,16.70,10.15
10.07.24,08:21,60.6,16.70,10.12
11.07.24,08:02,60.7,16.60,10.08
12.07.24,08:55,60.5,16.60,10.04
13.07.24,09:06,60.4,16.60,10.03
14.07.24,05:57,60.3,16.60,10.01
15.07.24,07:50,60.5,16.60,10.04
16.07.24,09:57,60.1,16.50,9.92
17.07.24,07:53,60.6,16.50,10.00
18.07.24,07:56,60.2,16.50,9.93
19.07.24,07:52,60.1,16.50,9.92
20.07.24,10:45,60.3,16.50,9.95
21.07.24,08:22,60.7,16.50,10.02
22.07.24,08:59,60.4,16.50,9.97
23.07.24,09:17,60.3,16.50,9.95
24.07.24,08:12,60.4,16.50,9.97
25.07.24,09:07,60.1,16.50,9.92
26.07.24,07:39,60.1,16.50,9.92
27.07.24,09:05,60.0,16.50,9.90
28.07.24,08:27,60.7,16.50,10.02
29.07.24,09:14,60.4,16.40,9.91
30.07.24,09:10,60.1,16.50,9.92
31.07.24,10:14,59.9,16.50,9.88
01.08.24,09:26,59.9,16.50,9.88
02.08.24,09:32,59.8,16.50,9.87
03.08.24,09:17,60.1,16.50,9.92
04.08.24,09:59,60.1,16.50,9.92
05.08.24,05:44,60.4,16.40,9.91
12.08.24,08:56,60.6,16.40,9.94
12.08.24,20:59,60.6,,9.94
13.08.24,08:51,60.2,,9.87
13.08.24,09:39,60.2,16.30,9.81
14.08.24,07:50,61.0,16.30,9.94
14.08.24,23:35,61.0,,9.94
15.08.24,09:44,60.5,16.30,9.86
15.08.24,16:22,60.5,,9.86
16.08.24,09:19,60.2,16.30,9.81
16.08.24,09:24,60.2,,9.81
17.08.24,08:20,60.5,16.50,9.98
17.08.24,10:55,60.5,,9.98
18.08.24,10:31,60.1,16.40,9.86
18.08.24,19:56,60.1,,9.86
19.08.24,08:42,60.3,16.40,9.89
19.08.24,09:03,60.3,,9.89
20.08.24,09:13,60.2,16.40,9.87
20.08.24,10:50,60.2,,9.87
21.08.24,07:51,60.3,16.30,9.83
21.08.24,09:22,60.3,,9.83
22.08.24,08:53,59.8,,9.75
22.08.24,09:50,59.8,16.20,9.69
23.08.24,08:50,59.4,16.20,9.62
23.08.24,20:57,59.4,,9.62
24.08.24,05:25,59.5,,9.64
24.08.24,08:50,59.5,16.20,9.64
25.08.24,05:06,60.0,16.30,9.78
25.08.24,10:15,60.0,,9.78
26.08.24,07:55,60.2,16.30,9.81
26.08.24,14:04,60.2,,9.81
27.08.24,08:01,60.2,16.30,9.81
27.08.24,23:36,60.2,,9.81
28.08.24,07:51,60.2,16.30,9.81
28.08.24,08:50,60.2,,9.81
29.08.24,08:32,60.1,16.20,9.74
29.08.24,10:01,60.1,,9.74
30.08.24,09:50,60.5,16.20,9.80
30.08.24,14:56,60.5,,9.80
31.08.24,09:36,60.0,,9.72
31.08.24,10:09,60.0,16.30,9.78
01.09.24,08:03,60.3,16.30,9.83
01.09.24,09:36,60.3,,9.83
02.09.24,08:44,60.5,16.30,9.86
02.09.24,10:54,60.5,,9.86
03.09.24,08:32,60.3,,9.83
03.09.24,08:48,60.3,16.30,9.83
04.09.24,07:47,60.3,16.30,9.83
04.09.24,13:11,61.0,,9.94
05.09.24,08:59,61.0,16.40,10.00
05.09.24,13:11,60.0,,9.84
06.09.24,08:48,60.0,16.60,9.96
06.09.24,13:11,61.2,,10.16
07.09.24,06:23,61.2,16.50,10.10
07.09.24,13:11,60.9,,10.05
08.09.24,08:46,60.9,16.20,9.87
08.09.24,13:11,61.0,,9.88
09.09.24,07:07,61.0,16.10,9.82
10.09.24,23:45,61.6,,9.92
11.09.24,07:53,61.6,16.20,9.98
11.09.24,21:45,61.6,,9.98
12.09.24,09:53,60.4,16.50,9.97
12.09.24,10:20,60.4,,9.97
13.09.24,07:40,60.5,16.90,10.22
13.09.24,10:16,60.5,,10.22
14.09.24,10:03,60.2,16.90,10.17
14.09.24,21:35,60.2,,10.17
15.09.24,10:32,60.0,16.90,10.14
15.09.24,16:17,60.0,,10.14
16.09.24,08:46,60.6,16.80,10.18
16.09.24,23:22,60.6,,10.18
17.09.24,09:03,60.1,,10.10
17.09.24,09:16,60.1,16.80,10.10
18.09.24,08:13,60.3,16.80,10.13
18.09.24,10:14,60.3,,10.13
19.09.24,09:32,60.2,16.80,10.11
19.09.24,09:58,60.2,,10.11
20.09.24,09:27,60.3,16.80,10.13
20.09.24,21:14,60.3,,10.13
21.09.24,07:24,60.9,,10.23
21.09.24,09:34,60.9,16.70,10.17
22.09.24,07:12,60.6,16.70,10.12
22.09.24,19:57,60.6,,10.12
23.09.24,07:19,60.9,16.60,10.11
23.09.24,08:38,60.9,,10.11
24.09.24,08:36,60.9,16.60,10.11
24.09.24,22:31,60.9,,10.11
25.09.24,08:27,61.0,16.60,10.13
25.09.24,18:52,61.9,,10.27
26.09.24,08:03,61.0,16.60,10.13
27.09.24,09:40,60.6,13.70,8.30
28.09.24,09:17,61.4,16.70,10.25
28.09.24,09:18,61.4,14.08,8.65
29.09.24,11:01,61.3,14.79,9.07
30.09.24,09:32,61.8,15.76,9.74
01.10.24,07:28,61.4,15.55,9.54
02.10.24,08:51,61.8,14.75,9.11
03.10.24,07:58,61.4,17.20,10.56
03.10.24,07:59,61.4,15.15,9.30
04.10.24,08:37,61.1,14.99,9.16
05.10.24,10:08,61.0,17.30,10.55
05.10.24,10:09,61.0,15.14,9.23
06.10.24,10:26,61.6,17.40,10.72
06.10.24,10:27,61.6,15.43,9.50
07.10.24,09:18,61.6,17.50,10.78
07.10.24,09:19,61.6,15.35,9.46
08.10.24,07:05,61.8,15.72,9.71
09.10.24,07:49,62.0,14.80,9.18
10.10.24,08:48,61.7,15.44,9.53
11.10.24,10:37,61.2,17.60,10.77
12.10.24,10:42,61.3,17.60,10.79
13.10.24,11:31,61.3,17.60,10.79
14.10.24,09:33,61.6,17.50,10.78
15.10.24,10:51,60.9,17.50,10.66
16.10.24,11:42,61.0,17.60,10.74
17.10.24,09:16,60.8,17.50,10.64
18.10.24,10:52,61.3,17.50,10.73
19.10.24,12:07,60.6,14.44,8.75
20.10.24,11:48,61.1,14.48,8.84
21.10.24,09:33,60.8,14.24,8.65
22.10.24,09:07,60.3,14.72,8.88
23.10.24,07:41,60.3,17.20,10.37
23.10.24,07:42,60.3,15.30,9.23
24.10.24,07:02,60.4,17.20,10.39
24.10.24,07:03,60.4,15.22,9.19
25.10.24,09:33,61.1,14.09,8.61
26.10.24,10:14,60.7,17.20,10.44
26.10.24,10:15,60.7,14.32,8.70
27.10.24,09:54,60.6,14.83,8.99
28.10.24,08:54,60.9,13.99,8.52
29.10.24,09:00,61.3,17.40,10.67
29.10.24,09:01,61.3,15.26,9.35
30.10.24,09:20,61.9,17.50,10.83
30.10.24,09:21,61.8,14.84,9.18
31.10.24,08:28,61.6,17.50,10.78
01.11.24,10:14,60.7,17.50,10.62
01.11.24,10:15,60.8,14.74,8.96
02.11.24,10:13,61.3,15.07,9.23
03.11.24,09:36,61.1,17.90,10.94
03.11.24,09:37,61.1,15.89,9.71
04.11.24,08:29,62.2,17.90,11.13
04.11.24,08:30,62.2,14.51,9.03
05.11.24,09:16,61.5,15.33,9.43
06.11.24,09:19,61.7,15.49,9.56
07.11.24,08:17,62.1,18.00,11.18
07.11.24,08:18,62.0,16.10,9.99
08.11.24,09:38,61.6,18.00,11.09
08.11.24,09:39,61.6,14.97,9.22
09.11.24,09:38,61.6,18.10,11.15
09.11.24,09:39,61.5,15.32,9.43
10.11.24,10:14,61.2,18.20,11.14
10.11.24,10:15,61.2,15.88,9.71
11.11.24,09:17,62.3,15.47,9.63
12.11.24,08:52,61.8,18.20,11.25
12.11.24,08:53,61.8,15.30,9.46
13.11.24,07:53,62.1,16.10,10.00
14.11.24,09:04,62.3,18.10,11.28
15.11.24,08:59,61.9,18.10,11.20
15.11.24,09:00,61.9,15.86,9.82
16.11.24,11:09,61.4,18.10,11.11
16.11.24,11:10,61.4,15.41,9.46
17.11.24,10:43,62.3,15.21,9.48
18.11.24,09:22,62.2,18.00,11.20
19.11.24,09:03,63.3,15.31,9.69
20.11.24,07:47,64.4,18.70,12.04
21.11.24,09:53,63.7,19.40,12.36
22.11.24,11:11,62.7,19.40,12.16
23.11.24,10:18,63.3,19.50,12.34
24.11.24,10:50,63.3,19.50,12.34
25.11.24,09:22,63.6,19.60,12.47
26.11.24,08:53,62.7,19.60,12.29
27.11.24,07:42,63.4,19.90,12.62
28.11.24,09:37,63.7,19.90,12.68
29.11.24,09:56,63.4,19.80,12.55
30.11.24,11:09,63.4,19.80,12.55
01.12.24,12:19,63.4,19.80,12.55
02.12.24,08:48,63.7,19.90,12.68
03.12.24,08:53,63.9,20.10,12.84
04.12.24,07:40,64.3,20.10,12.92
05.12.24,08:38,64.2,20.10,12.90
06.12.24,09:38,64.2,20.00,12.84
07.12.24,10:53,65.1,19.90,12.95
08.12.24,10:47,64.8,19.90,12.90
09.12.24,09:39,64.8,20.10,13.02
10.12.24,09:44,65.0,20.10,13.07
11.12.24,07:38,65.1,20.30,13.21
12.12.24,09:45,65.5,20.30,13.30
13.12.24,09:26,65.6,20.20,13.25
14.12.24,09:43,65.3,20.20,13.19
15.12.24,09:33,65.5,20.10,13.17
16.12.24,09:08,66.0,20.10,13.27
17.12.24,08:43,65.9,20.20,13.31
18.12.24,07:45,66.5,20.30,13.50
19.12.24,09:08,66.0,20.30,13.40
20.12.24,08:27,66.6,20.20,13.45
21.12.24,10:10,66.3,20.20,13.39
22.12.24,10:24,66.2,20.20,13.37
23.12.24,09:52,66.4,20.20,13.41
24.12.24,08:57,66.5,20.20,13.43
25.12.24,10:32,65.4,20.30,13.28
26.12.24,11:00,65.5,20.70,13.56
27.12.24,11:01,65.6,20.80,13.64
28.12.24,10:58,65.2,20.90,13.63
29.12.24,11:23,65.8,20.90,13.75
30.12.24,09:55,66.1,21.00,13.88
31.12.24,11:40,65.7,21.20,13.93
01.01.25,12:30,65.7,21.10,13.86
02.01.25,10:07,66.6,21.10,14.05
03.01.25,10:26,66.1,21.10,13.94
04.01.25,11:53,65.9,21.30,14.04
05.01.25,10:26,65.7,21.60,14.19
06.01.25,09:58,65.5,21.60,14.15
07.01.25,09:29,66.1,21.50,14.21
08.01.25,07:38,66.4,21.70,14.41
09.01.25,09:07,66.3,21.80,14.45
10.01.25,08:56,66.7,21.80,14.54
11.01.25,10:37,66.0,21.80,14.39
12.01.25,10:14,66.2,21.80,14.43
13.01.25,08:34,66.1,21.70,14.34
16.01.25,09:10,66.0,21.70,14.32
17.01.25,08:32,66.2,21.70,14.37
18.01.25,10:17,66.1,21.70,14.34
19.01.25,12:27,66.0,21.60,14.26
20.01.25,09:14,66.8,21.50,14.36
21.01.25,09:06,66.2,21.50,14.23
22.01.25,07:44,66.0,21.70,14.32
23.01.25,08:55,66.2,21.80,14.43
24.01.25,08:51,66.4,21.90,14.54
25.01.25,12:15,66.2,21.80,14.43
26.01.25,10:27,66.6,21.70,14.45
27.01.25,09:10,66.9,21.70,14.52
28.01.25,09:21,66.2,21.90,14.50
29.01.25,09:07,66.7,21.90,14.61
30.01.25,08:14,66.3,22.10,14.65
31.01.25,09:44,66.3,22.20,14.72
01.02.25,10:51,66.2,22.20,14.70
02.02.25,11:45,66.0,22.30,14.72
03.02.25,09:01,66.4,22.20,14.74
04.02.25,09:21,66.6,22.20,14.78
05.02.25,07:43,66.1,22.10,14.61
06.02.25,08:24,66.4,22.10,14.67
07.02.25,08:43,66.3,22.00,14.59
08.02.25,10:32,66.4,22.00,14.61
09.02.25,10:53,66.5,21.90,14.56
10.02.25,09:05,66.4,21.80,14.48
11.02.25,08:58,66.2,21.90,14.50
12.02.25,09:39,66.5,21.90,14.56
13.02.25,09:31,66.3,21.90,14.52
14.02.25,09:01,66.9,22.00,14.72
15.02.25,09:37,66.3,22.00,14.59
16.02.25,09:08,66.3,21.90,14.52
17.02.25,08:33,66.6,22.00,14.65
18.02.25,09:18,66.3,22.10,14.65
19.02.25,08:44,66.1,22.10,14.61
20.02.25,09:10,66.5,22.00,14.63
21.02.25,08:43,66.4,22.00,14.61
22.02.25,10:41,65.9,22.10,14.56
23.02.25,11:14,66.1,22.00,14.54
24.02.25,08:37,66.5,21.90,14.56
25.02.25,08:33,67.0,21.90,14.67
26.02.25,07:34,66.5,21.90,14.56
27.02.25,09:45,66.5,21.90,14.56
28.02.25,09:37,66.5,21.90,14.56
01.03.25,10:44,66.5,21.90,14.56
02.03.25,10:51,66.5,21.90,14.56
03.03.25,07:23,66.5,21.80,14.50
04.03.25,08:54,66.7,21.60,14.41
05.03.25,07:53,66.1,21.60,14.28
07.03.25,08:22,66.2,21.60,14.30
08.03.25,09:06,66.3,21.50,14.25
09.03.25,10:22,65.6,21.50,14.10
10.03.25,09:25,65.7,21.40,14.06
11.03.25,09:18,65.6,21.40,14.04
12.03.25,07:07,65.3,21.40,13.97
13.03.25,09:48,65.7,21.40,14.06
14.03.25,09:24,65.7,21.30,13.99
15.03.25,08:40,65.7,21.30,13.99
16.03.25,09:55,66.3,21.30,14.12
17.03.25,10:00,66.2,21.20,14.03
18.03.25,08:07,66.5,21.20,14.10
19.03.25,08:19,66.2,21.30,14.10
20.03.25,08:54,65.9,21.40,14.10
21.03.25,08:24,66.1,21.40,14.14
22.03.25,08:59,65.9,21.40,14.10
23.03.25,08:42,65.8,21.40,14.08
24.03.25,08:24,66.7,21.30,14.21
25.03.25,08:09,66.6,21.20,14.12
26.03.25,08:54,66.6,21.20,14.12
27.03.25,07:00,66.9,21.10,14.12
28.03.25,08:49,66.4,21.10,14.01
29.03.25,10:04,65.6,21.40,14.04
30.03.25,12:09,65.8,21.30,14.02
31.03.25,09:02,66.3,21.30,14.12
01.04.25,09:03,66.2,21.30,14.10
02.04.25,07:29,66.4,21.20,14.08
03.04.25,05:12,66.7,21.30,14.21
05.04.25,12:04,66.5,21.30,14.16
06.04.25,11:30,66.5,21.30,14.16
07.04.25,08:47,66.7,21.40,14.27
08.04.25,08:39,66.2,21.60,14.30
10.04.25,08:12,66.4,21.70,14.41
11.04.25,08:21,67.1,21.60,14.49
12.04.25,10:48,66.7,21.60,14.41
13.04.25,10:46,66.7,21.60,14.41
14.04.25,09:11,66.7,21.70,14.47
15.04.25,07:47,66.8,21.70,14.50
16.04.25,09:29,67.5,21.80,14.71
17.04.25,07:36,68.1,21.90,14.91
18.04.25,08:42,67.2,22.00,14.78
19.04.25,09:46,67.8,21.90,14.85
20.04.25,09:56,68.3,22.00,15.03
21.04.25,10:53,67.7,22.10,14.96
22.04.25,08:20,68.1,22.20,15.12
23.04.25,07:17,67.9,22.20,15.07
24.04.25,07:18,68.3,22.00,15.03
25.04.25,08:23,67.9,21.90,14.87
26.04.25,06:50,67.6,21.90,14.80
02.05.25,09:06,67.9,22.10,15.01
03.05.25,10:15,67.7,22.10,14.96
04.05.25,10:24,67.9,22.20,15.07
05.05.25,08:58,68.4,22.30,15.25
06.05.25,09:15,68.2,22.30,15.21
07.05.25,08:19,68.2,22.40,15.28
09.05.25,09:17,68.0,22.50,15.30
10.05.25,11:31,67.2,22.50,15.12
11.05.25,10:56,67.5,22.40,15.12
12.05.25,09:17,68.1,22.30,15.18
13.05.25,06:45,67.7,22.20,15.03
14.05.25,07:26,67.8,22.20,15.05
15.05.25,09:46,67.1,22.30,14.96
17.05.25,10:12,67.7,22.20,15.03
18.05.25,12:20,68.0,22.20,15.10
19.05.25,09:40,68.5,22.40,15.34
20.05.25,10:13,68.7,22.40,15.39
21.05.25,06:59,68.2,22.50,15.34
22.05.25,10:07,67.2,22.70,15.25
23.05.25,09:34,67.9,23.20,15.75
24.05.25,10:27,68.0,23.20,15.78
25.05.25,10:43,68.8,23.30,16.03
26.05.25,07:24,68.5,23.50,16.10
27.05.25,08:39,68.6,23.50,16.12
28.05.25,09:02,68.2,23.50,16.03
29.05.25,11:07,68.5,23.50,16.10
30.05.25,11:13,68.9,23.60,16.26
31.05.25,10:11,69.7,23.60,16.45
01.06.25,10:26,68.8,23.50,16.17
02.06.25,08:36,68.6,23.70,16.26
03.06.25,08:58,68.5,23.50,16.10
04.06.25,06:55,68.4,23.40,16.01
05.06.25,08:15,67.7,23.30,15.77
06.06.25,07:29,67.9,23.10,15.68
07.06.25,08:43,68.1,22.90,15.59
08.06.25,10:24,67.9,22.90,15.55
09.06.25,10:06,67.7,23.00,15.57
10.06.25,08:31,68.1,23.00,15.66
11.06.25,05:27,67.7,22.80,15.44
12.06.25,08:59,67.4,22.90,15.43
13.06.25,09:05,67.4,22.80,15.37
14.06.25,09:38,66.9,22.80,15.25
15.06.25,10:36,67.2,22.80,15.32
16.06.25,09:14,68.1,22.70,15.46
17.06.25,09:39,67.4,22.90,15.43
18.06.25,07:24,67.1,22.70,15.23
19.06.25,09:37,67.0,22.60,15.14
20.06.25,09:50,66.8,22.70,15.16
21.06.25,09:35,66.7,22.90,15.27
22.06.25,09:41,66.6,22.90,15.25
23.06.25,07:33,66.6,22.80,15.18
24.06.25,08:28,66.8,22.70,15.16
25.06.25,07:09,66.6,22.50,14.98
26.06.25,07:25,66.8,22.30,14.90
27.06.25,06:42,66.4,22.20,14.74
28.06.25,08:24,66.4,22.20,14.74
29.06.25,08:44,66.3,22.10,14.65
30.06.25,09:09,66.1,22.00,14.54
01.07.25,08:39,65.9,22.00,14.50
02.07.25,07:37,66.2,21.90,14.50
03.07.25,07:20,65.9,21.90,14.43
04.07.25,08:37,66.0,21.80,14.39
05.07.25,08:50,65.8,21.80,14.34
06.07.25,09:35,65.9,21.70,14.30
07.07.25,07:43,66.1,21.70,14.34
08.07.25,09:54,65.4,21.70,14.19
09.07.25,07:48,65.6,21.60,14.17
10.07.25,09:47,65.2,21.70,14.15
11.07.25,08:36,65.4,21.60,14.13
12.07.25,10:33,65.1,21.60,14.06
13.07.25,10:21,65.4,21.60,14.13
14.07.25,10:28,65.7,21.60,14.19
15.07.25,09:56,65.9,21.50,14.17
16.07.25,10:44,65.6,21.50,14.10
17.07.25,10:14,65.3,21.50,14.04
18.07.25,09:48,65.6,21.40,14.04
19.07.25,10:30,65.2,21.40,13.95
20.07.25,10:13,65.0,21.40,13.91
21.07.25,08:07,65.4,21.30,13.93
22.07.25,07:40,64.9,21.10,13.69
23.07.25,07:48,65.1,21.10,13.74
24.07.25,07:27,65.0,21.00,13.65
25.07.25,08:00,64.9,20.90,13.56
26.07.25,10:53,64.3,20.90,13.44
27.07.25,10:23,64.5,20.80,13.42
28.07.25,08:01,64.5,20.70,13.35
29.07.25,08:13,64.3,20.70,13.31
30.07.25,08:07,64.3,20.70,13.31
31.07.25,08:07,64.2,20.60,13.22
01.08.25,09:51,64.0,20.60,13.18
02.08.25,09:51,63.7,20.60,13.12
03.08.25,10:02,64.1,20.60,13.20
04.08.25,09:24,64.1,20.50,13.14
05.08.25,09:21,63.9,20.50,13.10
06.08.25,08:48,63.7,20.60,13.12
07.08.25,09:05,63.4,20.60,13.06
08.08.25,09:22,63.7,20.50,13.06
09.08.25,09:20,63.7,20.50,13.06
10.08.25,10:31,63.7,20.50,13.06
11.08.25,11:10,64.1,20.40,13.07
12.08.25,08:06,63.9,20.40,13.04
17.08.25,10:35,64.4,20.30,13.07
18.08.25,08:00,64.4,20.30,13.07
19.08.25,08:03,64.1,20.00,12.82
20.08.25,07:54,64.0,20.10,12.86
21.08.25,07:56,63.8,20.10,12.82
22.08.25,09:26,63.3,20.00,12.66
23.08.25,10:04,63.2,20.00,12.64
24.08.25,10:03,62.6,20.00,12.52
25.08.25,08:10,63.3,20.00,12.66
26.08.25,08:13,62.9,20.00,12.58
27.08.25,08:19,62.7,19.90,12.48
28.08.25,07:47,63.2,19.80,12.51
29.08.25,09:21,62.9,19.70,12.39
30.08.25,08:59,63.1,19.60,12.37
31.08.25,09:44,63.3,19.60,12.41
01.09.25,09:28,63.2,19.60,12.39
02.09.25,09:02,62.9,19.60,12.33
03.09.25,07:10,63.0,19.60,12.35
04.09.25,09:05,63.1,19.60,12.37
05.09.25,08:40,62.9,19.60,12.33
06.09.25,10:05,62.8,19.50,12.25
07.09.25,09:58,62.4,19.50,12.17
08.09.25,08:52,62.9,19.50,12.27
09.09.25,07:11,62.9,19.40,12.20
10.09.25,07:09,63.0,19.30,12.16
11.09.25,09:04,62.8,19.20,12.06
12.09.25,09:10,62.3,19.20,11.96
13.09.25,09:37,62.5,19.20,12.00
14.09.25,09:57,62.9,19.00,11.95
15.09.25,08:36,62.9,19.10,12.01
16.09.25,09:44,62.2,19.10,11.88
17.09.25,07:41,62.3,19.00,11.84
18.09.25,09:47,62.0,19.00,11.78
19.09.25,09:53,62.0,19.10,11.84
20.09.25,09:29,62.1,19.00,11.80
21.09.25,10:42,61.4,19.10,11.73
22.09.25,07:37,62.0,18.90,11.72
25.09.25,09:51,62.1,19.20,11.92
26.09.25,09:42,61.9,19.30,11.95
27.09.25,07:47,62.0,19.30,11.97
28.09.25,11:19,61.9,19.20,11.88
29.09.25,08:53,62.4,19.10,11.92
30.09.25,09:45,61.8,19.10,11.80
01.10.25,09:27,62.4,18.90,11.79
02.10.25,08:06,62.0,18.90,11.72
03.10.25,10:01,61.7,18.90,11.66
04.10.25,10:14,61.6,18.80,11.58
05.10.25,09:43,61.9,18.80,11.64
06.10.25,09:18,62.7,18.70,11.72
07.10.25,09:55,62.1,18.60,11.55
08.10.25,10:24,61.9,18.60,11.51
09.10.25,05:31,62.0,18.60,11.53
10.10.25,09:48,62.2,18.50,11.51
11.10.25,10:18,61.7,18.40,11.35
12.10.25,09:47,61.3,18.50,11.34
13.10.25,09:20,61.9,18.50,11.45
14.10.25,08:55,61.5,18.50,11.38
15.10.25,07:23,61.6,18.50,11.40
16.10.25,09:10,61.1,18.50,11.30
17.10.25,10:11,61.0,18.50,11.29
18.10.25,10:38,61.3,18.50,11.34
19.10.25,10:26,61.5,18.40,11.32
20.10.25,08:49,62.0,18.40,11.41
21.10.25,10:00,61.4,18.40,11.30
22.10.25,09:16,61.1,18.40,11.24
23.10.25,10:57,61.7,18.30,11.29
24.10.25,09:22,61.4,18.26,11.21
25.10.25,18:03,60.9,18.20,11.08
26.10.25,10:06,61.0,18.20,11.10
27.10.25,08:44,61.3,18.20,11.16
28.10.25,09:49,61.4,18.20,11.17
29.10.25,07:56,61.4,18.20,11.17
30.10.25,07:42,61.6,18.10,11.15
31.10.25,10:23,61.3,18.10,11.10
01.11.25,10:13,61.6,18.00,11.09
02.11.25,09:42,60.9,18.00,10.96
03.11.25,09:35,61.3,18.00,11.03
04.11.25,07:03,61.2,17.90,10.95
06.11.25,08:49,61.2,18.00,11.02
07.11.25,10:20,61.2,18.00,11.02
08.11.25,10:49,61.1,18.10,11.06
09.11.25,11:02,61.3,18.10,11.10
10.11.25,09:25,61.4,18.10,11.11
11.11.25,07:41,61.1,18.10,11.06
12.11.25,07:50,60.8,18.00,10.94
13.11.25,09:04,60.5,18.10,10.95
14.11.25,11:11,60.1,18.10,10.88
15.11.25,10:23,60.3,18.10,10.91
16.11.25,10:05,61.6,18.00,11.09
17.11.25,09:22,60.9,18.00,10.96
18.11.25,08:11,61.0,17.90,10.92
19.11.25,08:30,60.4,17.80,10.75
20.11.25,07:37,60.6,17.70,10.73
21.11.25,09:47,61.2,17.80,10.89
22.11.25,10:46,60.8,17.80,10.82
23.11.25,11:32,60.9,17.80,10.84
24.11.25,09:28,61.0,18.00,10.98
25.11.25,10:38,60.6,18.00,10.91
27.11.25,10:34,61.4,18.00,11.05
28.11.25,11:50,62.1,18.20,11.30
29.11.25,10:44,61.8,18.20,11.25
30.11.25,11:07,61.1,18.30,11.18
01.12.25,10:27,61.5,18.30,11.25
02.12.25,11:01,61.6,18.40,11.33
03.12.25,11:17,61.4,18.50,11.36
04.12.25,09:52,61.0,18.50,11.29
05.12.25,09:53,61.6,18.50,11.40
