Timestamp,Lap
1096705521,1
1096705522,1
1096705523,1
1096705524,1
1096705525,1
1096705526,1
1096705527,1
1096705528,1
1096705529,1
1096705530,1
1096705531,1
1096705532,1
1096705533,1
1096705534,1
1096705535,1
1096705536,1
1096705537,1
1096705538,1
1096705539,1
1096705540,1
1096705541,1
1096705542,1
1096705543,1
1096705544,1
1096705545,1
1096705546,1
1096705547,1
1096705548,1
1096705549,1
1096705550,1
1096705551,1
1096705552,1
1096705553,1
1096705554,1
1096705555,1
1096705556,1
1096705557,1
1096705558,1
1096705559,1
1096705560,1
1096705561,1
1096705562,1
1096705563,1
1096705564,1
1096705565,1
1096705566,1
1096705567,1
1096705568,1
1096705569,1
1096705570,1
1096705571,1
1096705572,1
1096705573,1
1096705574,1
1096705575,1
1096705576,1
1096705577,1
1096705578,1
1096705579,1
1096705580,1
1096705581,1
1096705582,1
1096705583,1
1096705584,1
1096705585,1
1096705586,1
1096705587,1
1096705588,1
1096705589,1
1096705590,1
1096705591,1
1096705592,1
1096705593,1
1096705594,1
1096705595,1
1096705596,1
1096705597,1
1096705598,1
1096705599,1
1096705600,1
1096705601,1
1096705602,1
1096705603,1
1096705604,1
1096705605,1
1096705606,1
1096705607,1
1096705608,1
1096705609,1
1096705610,1
1096705611,1
1096705612,1
1096705613,1
1096705614,1
1096705615,1
1096705616,1
1096705617,1
1096705618,1
1096705619,1
1096705620,1
1096705621,1
1096705622,1
1096705623,1
1096705624,1
1096705625,1
1096705626,1
1096705627,1
1096705628,1
1096705629,1
1096705630,1
1096705631,1
1096705632,1
1096705633,1
1096705634,1
1096705635,1
1096705636,1
1096705637,1
1096705638,1
1096705639,1
1096705640,1
1096705641,1
1096705642,1
1096705643,1
1096705644,1
1096705645,1
1096705646,1
1096705647,1
1096705648,1
1096705649,1
1096705650,1
1096705651,1
1096705652,1
1096705653,1
1096705654,1
1096705655,1
1096705656,1
1096705657,1
1096705658,1
1096705659,1
1096705660,1
1096705661,1
1096705662,1
1096705663,1
1096705664,1
1096705665,1
1096705666,1
1096705667,1
1096705668,1
1096705669,1
1096705670,1
1096705671,1
1096705672,1
1096705673,1
1096705674,1
1096705675,1
1096705676,1
1096705677,1
1096705678,1
1096705679,1
1096705680,1
1096705681,1
1096705682,1
1096705683,1
1096705684,1
1096705685,1
1096705686,1
1096705687,1
1096705688,1
1096705689,1
1096705690,1
1096705691,1
1096705692,1
1096705693,1
1096705694,1
1096705695,1
1096705696,1
1096705697,1
1096705698,1
1096705699,1
1096705700,1
1096705701,1
1096705702,1
1096705703,1
1096705704,1
1096705705,1
1096705706,1
1096705707,1
1096705708,1
1096705709,1
1096705710,1
1096705711,1
1096705712,1
1096705713,1
1096705714,1
1096705715,1
1096705716,1
1096705717,1
1096705718,1
1096705719,1
1096705720,1
1096705721,1
1096705722,1
1096705723,1
1096705724,1
1096705725,1
1096705726,1
1096705727,1
1096705728,1
1096705729,1
1096705730,1
1096705731,1
1096705732,1
1096705733,1
1096705734,1
1096705735,1
1096705736,1
1096705737,1
1096705738,1
1096705739,1
1096705740,1
1096705741,1
1096705742,1
1096705743,1
1096705744,1
1096705745,1
1096705746,1
1096705747,1
1096705748,1
1096705749,1
1096705750,1
1096705751,1
1096705752,1
1096705753,1
1096705754,1
1096705755,1
1096705756,1
1096705757,1
1096705758,1
1096705759,1
1096705760,1
1096705761,1
1096705762,1
1096705763,1
1096705764,1
1096705765,1
1096705766,1
1096705767,1
1096705768,1
1096705769,1
1096705770,1
1096705771,1
1096705772,1
1096705773,1
1096705774,1
1096705775,1
1096705776,1
1096705777,1
1096705778,1
1096705779,1
1096705780,1
1096705781,1
1096705782,1
1096705783,1
1096705784,1
1096705785,1
1096705786,1
1096705787,1
1096705788,1
1096705789,1
1096705790,1
1096705791,1
1096705792,1
1096705793,1
1096705794,1
1096705795,1
1096705796,1
1096705797,1
1096705798,1
1096705799,1
1096705800,1
1096705801,1
1096705802,1
1096705803,1
1096705804,1
1096705805,1
1096705806,1
1096705807,1
1096705808,1
1096705809,1
1096705810,1
1096705811,1
1096705812,1
1096705813,1
1096705814,1
1096705815,1
1096705816,1
1096705817,1
1096705818,1
1096705819,1
1096705820,1
1096705821,1
1096705822,1
1096705823,1
1096705824,1
1096705825,1
1096705826,1
1096705827,1
1096705828,1
1096705829,1
1096705830,1
1096705831,1
1096705832,1
1096705833,1
1096705834,1
1096705835,1
1096705836,1
1096705837,1
1096705838,1
1096705839,1
1096705840,1
1096705841,1
1096705842,1
1096705843,1
1096705844,1
1096705845,1
1096705846,1
1096705847,1
1096705848,1
1096705849,1
1096705850,1
1096705851,1
1096705852,1
1096705853,1
1096705854,1
1096705855,1
1096705856,1
1096705857,1
1096705858,1
1096705859,1
1096705860,1
1096705861,1
1096705862,1
1096705863,1
1096705864,1
1096705865,1
1096705866,1
1096705867,1
1096705868,1
1096705869,1
1096705870,1
1096705871,1
1096705872,1
1096705873,1
1096705874,1
1096705875,1
1096705876,1
1096705877,1
1096705878,1
1096705879,1
1096705880,1
1096705881,1
1096705882,1
1096705883,1
1096705884,1
1096705885,1
1096705886,1
1096705887,1
1096705888,1
1096705889,1
1096705890,1
1096705891,1
1096705892,1
1096705893,1
1096705894,1
1096705895,1
1096705896,1
1096705897,1
1096705898,1
1096705899,1
1096705900,1
1096705901,1
1096705902,1
1096705903,1
1096705904,1
1096705905,1
1096705906,1
1096705907,1
1096705908,1
1096705909,1
1096705910,1
1096705911,1
1096705912,1
1096705913,1
1096705914,1
1096705915,1
1096705916,1
1096705917,1
1096705918,1
1096705919,1
1096705920,1
1096705921,1
1096705922,1
1096705923,1
1096705924,1
1096705925,1
1096705926,1
1096705927,1
1096705928,1
1096705929,1
1096705930,1
1096705931,1
1096705932,1
1096705933,1
1096705934,1
1096705935,1
1096705936,1
1096705937,1
1096705938,1
1096705939,1
1096705940,1
1096705941,1
1096705942,1
1096705943,1
1096705944,1
1096705945,1
1096705946,1
1096705947,1
1096705948,1
1096705949,1
1096705950,1
1096705951,1
1096705952,1
1096705953,1
1096705954,1
1096705955,1
1096705956,1
1096705957,1
1096705958,1
1096705959,1
1096705960,1
1096705961,1
1096705962,1
1096705963,1
1096705964,1
1096705965,1
1096705966,1
1096705967,1
1096705968,1
1096705969,1
1096705970,1
1096705971,1
1096705972,1
1096705973,1
1096705974,1
1096705975,1
1096705976,1
1096705977,1
1096705978,1
1096705979,1
1096705980,1
1096705981,1
1096705982,1
1096705983,1
1096705984,1
1096705985,1
1096705986,1
1096705987,1
1096705988,1
1096705989,1
1096705990,1
1096705991,1
1096705992,1
1096705993,1
1096705994,1
1096705995,1
1096705996,1
1096705997,1
1096705998,1
1096705999,1
1096706000,1
1096706001,1
1096706002,1
1096706003,1
1096706004,1
1096706005,1
1096706006,1
1096706007,1
1096706008,1
1096706009,1
1096706010,1
1096706011,1
1096706012,1
1096706013,1
1096706014,1
1096706015,1
1096706016,1
1096706017,1
1096706018,1
1096706019,1
1096706020,1
1096706021,1
1096706022,1
1096706023,1
1096706024,1
1096706025,1
1096706026,1
1096706027,1
1096706028,1
1096706029,1
1096706030,1
1096706031,1
1096706032,1
1096706033,1
1096706034,1
1096706035,1
1096706036,1
1096706037,1
1096706038,1
1096706039,1
1096706040,1
1096706041,1
1096706042,1
1096706043,1
1096706044,1
1096706045,1
1096706046,1
1096706047,1
1096706048,1
1096706049,1
1096706050,1
1096706051,1
1096706052,1
1096706053,1
1096706054,1
1096706055,1
1096706056,1
1096706057,1
1096706058,1
1096706059,1
1096706060,1
1096706061,1
1096706062,1
1096706063,1
1096706064,1
1096706065,1
1096706066,1
1096706067,1
1096706068,1
1096706069,1
1096706070,1
1096706071,1
1096706072,1
1096706073,1
1096706074,1
1096706075,1
1096706076,1
1096706077,1
1096706078,1
1096706079,1
1096706080,1
1096706081,1
1096706082,1
1096706083,1
1096706084,1
1096706085,1
1096706086,1
1096706087,1
1096706088,1
1096706089,1
1096706090,1
1096706091,1
1096706092,1
1096706093,1
1096706094,1
1096706095,1
1096706096,1
1096706097,1
1096706098,1
1096706099,1
1096706100,1
1096706101,1
1096706102,1
1096706103,1
1096706104,1
1096706105,1
1096706106,1
1096706107,1
1096706108,1
1096706109,1
1096706110,1
1096706111,1
1096706112,1
1096706113,1
1096706114,1
1096706115,1
1096706116,1
1096706117,1
1096706118,1
1096706119,1
1096706120,1
1096706121,1
1096706122,1
1096706123,1
1096706124,1
1096706125,1
1096706126,1
1096706127,1
1096706128,1
1096706129,1
1096706130,1
1096706131,1
1096706132,1
1096706133,1
1096706134,1
1096706135,1
1096706136,1
1096706137,1
1096706138,1
1096706139,1
1096706140,1
1096706141,1
1096706142,1
1096706143,1
1096706144,1
1096706145,1
1096706146,1
1096706147,1
1096706148,1
1096706149,1
1096706150,1
1096706151,1
1096706152,1
1096706153,1
1096706154,1
1096706155,1
1096706156,1
1096706157,1
1096706158,1
1096706159,1
1096706160,1
1096706161,1
1096706162,1
1096706163,1
1096706164,1
1096706165,1
1096706166,1
1096706167,1
1096706168,1
1096706169,1
1096706170,1
1096706171,1
1096706172,1
1096706173,1
1096706174,1
1096706175,1
1096706176,1
1096706177,1
1096706178,1
1096706179,1
1096706180,1
1096706181,1
1096706182,1
1096706183,1
1096706184,1
1096706185,1
1096706186,1
1096706187,1
1096706188,1
1096706189,1
1096706190,1
1096706191,1
1096706192,1
1096706193,1
1096706194,1
1096706195,1
1096706196,1
1096706197,1
1096706198,1
1096706199,1
1096706200,1
1096706201,1
1096706202,1
1096706203,1
1096706204,1
1096706205,1
1096706206,1
1096706207,1
1096706208,1
1096706209,1
1096706210,1
1096706211,1
1096706212,1
1096706213,1
1096706214,1
1096706215,1
1096706216,1
1096706217,1
1096706218,1
1096706219,1
1096706220,1
1096706221,1
1096706222,1
1096706223,1
1096706224,1
1096706225,1
1096706226,1
1096706227,1
1096706228,1
1096706229,1
1096706230,1
1096706231,1
1096706232,1
1096706233,1
1096706234,1
1096706235,1
1096706236,1
1096706237,1
1096706238,1
1096706239,1
1096706240,1
1096706241,1
1096706242,1
1096706243,1
1096706244,1
1096706245,1
1096706246,1
1096706247,1
1096706248,1
1096706249,1
1096706250,1
1096706251,1
1096706252,1
1096706253,1
1096706254,1
1096706255,1
1096706256,1
1096706257,1
1096706258,1
1096706259,1
1096706260,1
1096706261,1
1096706262,1
1096706263,1
1096706264,1
1096706265,1
1096706266,1
1096706267,1
1096706268,1
1096706269,1
1096706270,1
1096706271,1
1096706272,1
1096706273,1
1096706274,1
1096706275,1
1096706276,1
1096706277,1
1096706278,1
1096706279,1
1096706280,1
1096706281,1
1096706282,1
1096706283,1
1096706284,1
1096706285,1
1096706286,1
1096706287,1
1096706288,1
1096706289,1
1096706290,1
1096706291,1
1096706292,1
1096706293,1
1096706294,1
1096706295,1
1096706296,1
1096706297,1
1096706298,1
1096706299,1
1096706300,1
1096706301,1
1096706302,1
1096706303,1
1096706304,1
1096706305,1
1096706306,1
1096706307,1
1096706308,1
1096706309,1
1096706310,1
1096706311,1
1096706312,1
1096706313,1
1096706314,1
1096706315,1
1096706316,1
1096706317,1
1096706318,1
1096706319,1
1096706320,1
1096706321,1
1096706322,1
1096706323,1
1096706324,1
1096706325,1
1096706326,1
1096706327,1
1096706328,1
1096706329,1
1096706330,1
1096706331,1
1096706332,1
1096706333,1
1096706334,1
1096706335,1
1096706336,1
1096706337,1
1096706338,1
1096706339,1
1096706340,1
1096706341,1
1096706342,1
1096706343,1
1096706344,1
1096706345,1
1096706346,1
1096706347,1
1096706348,1
1096706349,1
1096706350,1
1096706351,1
1096706352,1
1096706353,1
1096706354,1
1096706355,1
1096706356,1
1096706357,1
1096706358,1
1096706359,1
1096706360,1
1096706361,1
1096706362,1
1096706363,1
1096706364,1
1096706365,1
1096706366,1
1096706367,1
1096706368,1
1096706369,1
1096706370,1
1096706371,1
1096706372,1
1096706373,1
1096706374,1
1096706375,1
1096706376,1
1096706377,1
1096706378,1
1096706379,1
1096706380,1
1096706381,1
1096706382,1
1096706383,1
1096706384,1
1096706385,1
1096706386,1
1096706387,1
1096706388,1
1096706389,1
1096706390,1
1096706391,1
1096706392,1
1096706393,1
1096706394,1
1096706395,1
1096706396,1
1096706397,1
1096706398,1
1096706399,1
1096706400,1
1096706401,1
1096706402,1
1096706403,1
1096706404,1
1096706405,1
1096706406,1
1096706407,1
1096706408,1
1096706409,1
1096706410,1
1096706411,1
1096706412,1
1096706413,1
1096706414,1
1096706415,1
1096706416,1
1096706417,1
1096706418,1
1096706419,1
1096706420,1
1096706421,1
1096706422,1
1096706423,1
1096706424,1
1096706425,1
1096706426,1
1096706427,1
1096706428,1
1096706429,1
1096706430,1
1096706431,1
1096706765,2
1096706766,2
1096706767,2
1096706768,2
1096706770,2
1096706771,2
1096706772,2
1096706773,2
1096706774,2
1096706775,2
1096706776,2
1096706777,2
1096706778,2
1096706779,2
1096706780,2
1096706781,2
1096706782,2
1096706783,2
1096706784,2
1096706785,2
1096706786,2
1096706787,2
1096706788,2
1096706789,2
1096706790,2
1096706791,2
1096706792,2
1096706793,2
1096706794,2
1096706795,2
1096706796,2
1096706797,2
1096706798,2
1096706799,2
1096706800,2
1096706801,2
1096706802,2
1096706803,2
1096706804,2
1096706805,2
1096706806,2
1096706807,2
1096706808,2
1096706809,2
1096706810,2
1096706811,2
1096706812,2
1096706813,2
1096706814,2
1096706815,2
1096706816,2
1096706817,2
1096706818,2
1096706819,2
1096706820,2
1096706821,2
1096706822,2
1096706823,2
1096706824,2
1096706825,2
1096706826,2
1096706827,2
1096706828,2
1096706829,2
1096706830,2
1096706831,2
1096706832,2
1096706833,2
1096706834,2
1096706835,2
1096706836,2
1096706837,2
1096706838,2
1096706839,2
1096706840,2
1096706841,2
1096706842,2
1096706843,2
1096706844,2
1096706845,2
1096706846,2
1096706847,2
1096706848,2
1096706849,2
1096706850,2
1096706851,2
1096706852,2
1096706853,2
1096706854,2
1096706855,2
1096706856,2
1096706857,2
1096706858,2
1096706859,2
1096706860,2
1096706861,2
1096706862,2
1096706863,2
1096706864,2
1096706865,2
1096706866,2
1096706867,2
1096706868,2
1096706869,2
1096706870,2
1096706871,2
1096706872,2
1096706873,2
1096706874,2
1096706875,2
1096706876,2
1096706877,2
1096706878,2
1096706879,2
1096706880,2
1096706881,2
1096706882,2
1096706883,2
1096706884,2
1096706885,2
1096706886,2
1096706887,2
1096706888,2
1096706889,2
1096706890,2
1096706891,2
1096706892,2
1096706893,2
1096706894,2
1096706895,2
1096706896,2
1096706897,2
1096706898,2
1096706899,2
1096706900,2
1096706901,2
1096706902,2
1096706903,2
1096706904,2
1096706905,2
1096706906,2
1096706907,2
1096706908,2
1096706909,2
1096706910,2
1096706911,2
1096706912,2
1096706913,2
1096706914,2
1096706915,2
1096706916,2
1096706917,2
1096706918,2
1096706919,2
1096706920,2
1096706921,2
1096706922,2
1096706923,2
1096706924,2
1096706925,2
1096706926,2
1096706927,2
1096706928,2
1096706929,2
1096706930,2
1096706931,2
1096706932,2
1096706933,2
1096706934,2
1096706935,2
1096706936,2
1096706937,2
1096706938,2
1096706939,2
1096706940,2
1096706941,2
1096706942,2
1096706943,2
1096706944,2
1096706945,2
1096706946,2
1096706947,2
1096706948,3
1096706949,3
1096706950,3
1096706951,3
1096706952,3
1096706953,3
1096706954,3
1096706955,3
1096706956,3
1096706957,3
1096706958,3
1096706959,3
1096706960,3
1096706961,3
1096706962,3
1096706963,3
1096706964,3
1096706965,3
1096706966,3
1096706967,3
1096706968,3
1096706969,3
1096706970,3
1096706971,3
1096706972,3
1096706973,3
1096706974,3
1096706975,3
1096706976,3
1096706977,3
1096706978,3
1096706979,3
1096706980,3
1096706981,3
1096706982,3
1096706983,3
1096706984,3
1096706985,3
1096706986,3
1096706987,3
1096706988,3
1096706989,3
1096706990,3
1096706991,3
1096706992,3
1096706993,3
1096706994,3
1096706995,3
1096706996,3
1096706997,3
1096706998,3
1096706999,3
1096707000,3
1096707001,3
1096707002,3
1096707003,3
1096707004,3
1096707005,3
1096707006,3
1096707007,3
1096707008,3
1096707009,3
1096707010,3
1096707011,3
1096707012,3
1096707013,3
1096707014,3
1096707015,3
1096707016,3
1096707017,3
1096707018,3
1096707019,3
1096707020,3
1096707021,3
1096707022,3
1096707023,3
1096707024,3
1096707025,3
1096707026,3
1096707027,3
1096707028,3
1096707029,3
1096707030,3
1096707031,3
1096707032,3
1096707033,3
1096707034,3
1096707035,3
1096707036,3
1096707037,3
1096707038,3
1096707039,3
1096707040,3
1096707041,3
1096707042,3
1096707043,3
1096707044,3
1096707045,3
1096707046,3
1096707047,3
1096707048,3
1096707049,3
1096707050,3
1096707051,3
1096707052,3
1096707053,3
1096707054,3
1096707055,3
1096707056,3
1096707057,3
1096707058,3
1096707059,3
1096707060,3
1096707061,3
1096707062,3
1096707063,3
1096707064,3
1096707065,3
1096707066,3
1096707067,3
1096707068,3
1096707069,3
1096707070,3
1096707071,3
1096707072,3
1096707073,3
1096707074,3
1096707075,3
1096707076,3
1096707077,3
1096707078,3
1096707079,3
1096707080,3
1096707081,3
1096707082,3
1096707083,3
1096707084,3
1096707085,3
1096707086,3
1096707087,3
1096707088,3
1096707089,3
1096707090,3
1096707091,3
1096707092,3
1096707093,3
1096707094,3
1096707095,3
1096707096,3
1096707097,3
1096707098,3
1096707099,3
1096707100,3
1096707101,3
1096707102,3
1096707103,3
1096707104,3
1096707105,3
1096707106,3
1096707107,3
1096707108,3
1096707109,3
1096707110,3
1096707111,3
1096707112,3
1096707113,3
1096707114,3
1096707115,3
1096707116,3
1096707117,3
1096707118,3
1096707119,3
1096707120,3
1096707121,3
1096707122,3
1096707123,3
1096707124,4
1096707125,4
1096707126,4
1096707127,4
1096707128,4
1096707129,4
1096707130,4
1096707131,4
1096707132,4
1096707133,4
1096707134,4
1096707135,4
1096707136,4
1096707137,4
1096707138,4
1096707139,4
1096707140,4
1096707141,4
1096707142,4
1096707143,4
1096707144,4
1096707145,4
1096707146,4
1096707147,4
1096707148,4
1096707149,4
1096707150,4
1096707151,4
1096707152,4
1096707153,4
1096707154,4
1096707155,4
1096707156,4
1096707157,4
1096707158,4
1096707159,4
1096707160,4
1096707161,4
1096707162,4
1096707163,4
1096707164,4
1096707165,4
1096707166,4
1096707167,4
1096707168,4
1096707169,4
1096707170,4
1096707171,4
1096707172,4
1096707173,4
1096707174,4
1096707175,4
1096707176,4
1096707177,4
1096707178,4
1096707179,4
1096707180,4
1096707181,4
1096707182,4
1096707183,4
1096707184,4
1096707185,4
1096707186,4
1096707187,4
1096707188,4
1096707189,4
1096707190,4
1096707191,4
1096707192,4
1096707193,4
1096707194,4
1096707195,4
1096707196,4
1096707197,4
1096707198,4
1096707199,4
1096707200,4
1096707201,4
1096707202,4
1096707203,4
1096707204,4
1096707205,4
1096707206,4
1096707207,4
1096707208,4
1096707209,4
1096707210,4
1096707211,4
1096707212,4
1096707213,4
1096707214,4
1096707215,4
1096707216,4
1096707217,4
1096707218,4
1096707219,4
1096707220,4
1096707221,4
1096707222,4
1096707223,4
1096707224,4
1096707225,4
1096707226,4
1096707227,4
1096707228,4
1096707229,4
1096707230,4
1096707231,4
1096707232,4
1096707233,4
1096707234,4
1096707235,4
1096707236,4
1096707237,4
1096707238,4
1096707239,4
1096707240,4
1096707241,4
1096707242,4
1096707243,4
1096707244,4
1096707245,4
1096707246,4
1096707247,4
1096707248,4
1096707249,4
1096707250,4
1096707251,4
1096707252,4
1096707253,4
1096707254,4
1096707255,4
1096707256,4
1096707257,4
1096707258,4
1096707259,4
1096707260,4
1096707261,4
1096707262,4
1096707263,4
1096707264,4
1096707265,4
1096707266,4
1096707267,4
1096707268,4
1096707269,4
1096707270,4
1096707271,4
1096707272,4
1096707273,4
1096707274,4
1096707275,4
1096707276,4
1096707277,4
1096707278,4
1096707279,4
1096707280,4
1096707281,4
1096707282,4
1096707283,4
1096707284,4
1096707285,4
1096707286,4
1096707287,4
1096707288,4
1096707289,4
1096707290,4
1096707291,4
1096707292,4
1096707293,4
1096707294,4
1096707295,4
1096707296,4
1096707297,4
1096707298,4
1096707299,4
1096707300,4
1096707301,4
1096707302,4
1096707303,4
1096707304,5
1096707305,5
1096707306,5
1096707307,5
1096707308,5
1096707309,5
1096707310,5
1096707311,5
1096707312,5
1096707313,5
1096707314,5
1096707315,5
1096707316,5
1096707317,5
1096707318,5
1096707319,5
1096707320,5
1096707321,5
1096707322,5
1096707323,5
1096707324,5
1096707325,5
1096707326,5
1096707327,5
1096707328,5
1096707329,5
1096707330,5
1096707331,5
1096707332,5
1096707333,5
1096707334,5
1096707335,5
1096707336,5
1096707337,5
1096707338,5
1096707339,5
1096707340,5
1096707341,5
1096707342,5
1096707343,5
1096707344,5
1096707345,5
1096707346,5
1096707347,5
1096707348,5
1096707349,5
1096707350,5
1096707351,5
1096707352,5
1096707353,5
1096707354,5
1096707355,5
1096707356,5
1096707357,5
1096707358,5
1096707359,5
1096707360,5
1096707361,5
1096707362,5
1096707363,5
1096707364,5
1096707365,5
1096707366,5
1096707367,5
1096707368,5
1096707369,5
1096707370,5
1096707371,5
1096707372,5
1096707373,5
1096707374,5
1096707375,5
1096707376,5
1096707377,5
1096707378,5
1096707379,5
1096707380,5
1096707381,5
1096707382,5
1096707383,5
1096707384,5
1096707385,5
1096707386,5
1096707387,5
1096707388,5
1096707389,5
1096707390,5
1096707391,5
1096707392,5
1096707393,5
1096707394,5
1096707395,5
1096707396,5
1096707397,5
1096707398,5
1096707399,5
1096707400,5
1096707401,5
1096707402,5
1096707403,5
1096707404,5
1096707405,5
1096707406,5
1096707407,5
1096707408,5
1096707409,5
1096707410,5
1096707411,5
1096707412,5
1096707413,5
1096707414,5
1096707415,5
1096707416,5
1096707417,5
1096707418,5
1096707419,5
1096707420,5
1096707421,5
1096707422,5
1096707423,5
1096707424,5
1096707425,5
1096707426,5
1096707427,5
1096707428,5
1096707429,5
1096707430,5
1096707431,5
1096707432,5
1096707433,5
1096707434,5
1096707435,5
1096707436,5
1096707437,5
1096707438,5
1096707439,5
1096707440,5
1096707441,5
1096707442,5
1096707443,5
1096707444,5
1096707445,5
1096707446,5
1096707447,5
1096707448,5
1096707449,5
1096707450,5
1096707451,5
1096707452,5
1096707453,5
1096707454,5
1096707455,5
1096707456,5
1096707457,5
1096707458,5
1096707459,5
1096707460,5
1096707461,5
1096707462,5
1096707463,5
1096707464,5
1096707465,5
1096707466,5
1096707467,5
1096707468,5
1096707469,5
1096707470,5
1096707471,5
1096707472,5
1096707473,5
1096707474,5
1096707475,5
1096707476,5
1096707477,5
1096707478,5
1096707479,5
1096707480,5
1096707481,5
1096707482,5
1096707483,5
1096707484,6
1096707485,6
1096707486,6
1096707487,6
1096707488,6
1096707489,6
1096707490,6
1096707491,6
1096707492,6
1096707493,6
1096707494,6
1096707495,6
1096707496,6
1096707497,6
1096707498,6
1096707499,6
1096707500,6
1096707501,6
1096707502,6
1096707503,6
1096707504,6
1096707505,6
1096707506,6
1096707507,6
1096707508,6
1096707509,6
1096707510,6
1096707511,6
1096707512,6
1096707513,6
1096707514,6
1096707515,6
1096707516,6
1096707517,6
1096707518,6
1096707519,6
1096707520,6
1096707521,6
1096707522,6
1096707523,6
1096707524,6
1096707525,6
1096707526,6
1096707527,6
1096707528,6
1096707529,6
1096707530,6
1096707531,6
1096707532,6
1096707533,6
1096707534,6
1096707535,6
1096707536,6
1096707537,6
1096707538,6
1096707539,6
1096707540,6
1096707541,6
1096707542,6
1096707543,6
1096707544,6
1096707545,6
1096707546,6
1096707547,6
1096707548,6
1096707549,6
1096707550,6
1096707551,6
1096707552,6
1096707553,6
1096707554,6
1096707555,6
1096707556,6
1096707557,6
1096707558,6
1096707559,6
1096707560,6
1096707561,6
1096707562,6
1096707563,6
1096707564,6
1096707565,6
1096707566,6
1096707567,6
1096707568,6
1096707569,6
1096707570,6
1096707571,6
1096707572,6
1096707573,6
1096707574,6
1096707575,6
1096707576,6
1096707577,6
1096707578,6
1096707579,6
1096707580,6
1096707581,6
1096707582,6
1096707583,6
1096707584,6
1096707585,6
1096707586,6
1096707587,6
1096707588,6
1096707589,6
1096707590,6
1096707591,6
1096707592,6
1096707593,6
1096707594,6
1096707595,6
1096707596,6
1096707597,6
1096707598,6
1096707599,6
1096707600,6
1096707601,6
1096707602,6
1096707603,6
1096707604,6
1096707605,6
1096707606,6
1096707607,6
1096707608,6
1096707609,6
1096707610,6
1096707611,6
1096707612,6
1096707613,6
1096707614,6
1096707615,6
1096707616,6
1096707617,6
1096707618,6
1096707619,6
1096707620,6
1096707621,6
1096707622,6
1096707623,6
1096707624,6
1096707625,6
1096707626,6
1096707627,6
1096707628,6
1096707629,6
1096707630,6
1096707631,6
1096707632,6
1096707633,6
1096707634,6
1096707635,6
1096707636,6
1096707637,6
1096707638,6
1096707639,6
1096707640,6
1096707641,6
1096707642,6
1096707643,6
1096707644,6
1096707645,6
1096707646,6
1096707647,6
1096707648,6
1096707649,6
1096707650,6
1096707651,6
1096707652,6
1096707653,6
1096707654,6
1096707655,6
1096707656,6
1096707657,6
1096707658,6
1096707659,6
1096707660,6
1096707661,6
1096707662,6
1096707663,6
1096707664,7
1096707665,7
1096707666,7
1096707667,7
1096707668,7
1096707669,7
1096707670,7
1096707671,7
1096707672,7
1096707673,7
1096707674,7
1096707675,7
1096707676,7
1096707677,7
1096707678,7
1096707679,7
1096707680,7
1096707681,7
1096707682,7
1096707683,7
1096707684,7
1096707685,7
1096707686,7
1096707687,7
1096707688,7
1096707689,7
1096707690,7
1096707691,7
1096707692,7
1096707693,7
1096707694,7
1096707695,7
1096707696,7
1096707697,7
1096707698,7
1096707699,7
1096707700,7
1096707701,7
1096707702,7
1096707703,7
1096707704,7
1096707705,7
1096707706,7
1096707707,7
1096707708,7
1096707709,7
1096707710,7
1096707711,7
1096707712,7
1096707713,7
1096707714,7
1096707715,7
1096707716,7
1096707717,7
1096707718,7
1096707719,7
1096707720,7
1096707721,7
1096707722,7
1096707723,7
1096707724,7
1096707725,7
1096707726,7
1096707727,7
1096707728,7
1096707729,7
1096707730,7
1096707731,7
1096707732,7
1096707733,7
1096707734,7
1096707735,7
1096707736,7
1096707737,7
1096707738,7
1096707739,7
1096707740,7
1096707741,7
1096707742,7
1096707743,7
1096707744,7
1096707745,7
1096707746,7
1096707747,7
1096707748,7
1096707749,7
1096707750,7
1096707751,7
1096707752,7
1096707753,7
1096707754,7
1096707755,7
1096707756,7
1096707757,7
1096707758,7
1096707759,7
1096707760,7
1096707761,7
1096707762,7
1096707763,7
1096707764,7
1096707765,7
1096707766,7
1096707767,7
1096707768,7
1096707769,7
1096707770,7
1096707771,7
1096707772,7
1096707773,7
1096707774,7
1096707775,7
1096707776,7
1096707777,7
1096707778,7
1096707779,7
1096707780,7
1096707781,7
1096707782,7
1096707783,7
1096707784,7
1096707785,7
1096707786,7
1096707787,7
1096707788,7
1096707789,7
1096707790,7
1096707791,7
1096707792,7
1096707793,7
1096707794,7
1096707795,7
1096707796,7
1096707797,7
1096707798,7
1096707799,7
1096707800,7
1096707801,7
1096707802,7
1096707803,7
1096707804,7
1096707805,7
1096707806,7
1096707807,7
1096707808,7
1096707809,7
1096707810,7
1096707811,7
1096707812,7
1096707813,7
1096707814,7
1096707815,7
1096707816,7
1096707817,7
1096707818,7
1096707819,7
1096707820,7
1096707821,7
1096707822,7
1096707823,7
1096707824,7
1096707825,7
1096707826,7
1096707827,7
1096707828,7
1096707829,7
1096707830,7
1096707831,7
1096707832,7
1096707833,7
1096707834,7
1096707835,7
1096707836,7
1096707837,7
1096707838,7
1096707839,7
1096707840,7
1096707841,7
1096707842,7
1096707843,7
1096707844,8
1096707845,8
1096707846,8
1096707847,8
1096707848,8
1096707849,8
1096707850,8
1096707851,8
1096707852,8
1096707853,8
1096707854,8
1096707855,8
1096707856,8
1096707857,8
1096707858,8
1096707859,8
1096707860,8
1096707861,8
1096707862,8
1096707863,8
1096707864,8
1096707865,8
1096707866,8
1096707867,8
1096707868,8
1096707869,8
1096707870,8
1096707871,8
1096707872,8
1096707873,8
1096707874,8
1096707875,8
1096707876,8
1096707877,8
1096707878,8
1096707879,8
1096707880,8
1096707881,8
1096707882,8
1096707883,8
1096707884,8
1096707885,8
1096707886,8
1096707887,8
1096707888,8
1096707889,8
1096707890,8
1096707891,8
1096707892,8
1096707893,8
1096707894,8
1096707895,8
1096707896,8
1096707897,8
1096707898,8
1096707899,8
1096707900,8
1096707901,8
1096707902,8
1096707903,8
1096707904,8
1096707905,8
1096707906,8
1096707907,8
1096707908,8
1096707909,8
1096707910,8
1096707911,8
1096707912,8
1096707913,8
1096707914,8
1096707915,8
1096707916,8
1096707917,8
1096707918,8
1096707919,8
1096707920,8
1096707921,8
1096707922,8
1096707923,8
1096707924,8
1096707925,8
1096707926,8
1096707927,8
1096707928,8
1096707929,8
1096707930,8
1096707931,8
1096707932,8
1096707933,8
1096707934,8
1096707935,8
1096707936,8
1096707937,8
1096707938,8
1096707939,8
1096707940,8
1096707941,8
1096707942,8
1096707943,8
1096707944,8
1096707945,8
1096707946,8
1096707947,8
1096707948,8
1096707949,8
1096707950,8
1096707951,8
1096707952,8
1096707953,8
1096707954,8
1096707955,8
1096707956,8
1096707957,8
1096707958,8
1096707959,8
1096707960,8
1096707961,8
1096707962,8
1096707963,8
1096707964,8
1096707965,8
1096707966,8
1096707967,8
1096707968,8
1096707969,8
1096707970,8
1096707971,8
1096707972,8
1096707973,8
1096707974,8
1096707975,8
1096707976,8
1096707977,8
1096707978,8
1096707979,8
1096707980,8
1096707981,8
1096707982,8
1096707983,8
1096707984,8
1096707985,8
1096707986,8
1096707987,8
1096707988,8
1096707989,8
1096707990,8
1096707991,8
1096707992,8
1096707993,8
1096707994,8
1096707995,8
1096707996,8
1096707997,8
1096707998,8
1096707999,8
1096708000,8
1096708001,8
1096708002,8
1096708003,8
1096708004,8
1096708005,8
1096708006,8
1096708007,8
1096708008,8
1096708009,8
1096708010,8
1096708011,8
1096708012,8
1096708013,8
1096708014,8
1096708015,8
1096708016,8
1096708017,8
1096708018,8
1096708019,8
1096708020,8
1096708021,8
1096708022,8
1096708023,8
1096708024,9
1096708025,9
1096708026,9
1096708027,9
1096708028,9
1096708029,9
1096708030,9
1096708031,9
1096708032,9
1096708033,9
1096708034,9
1096708035,9
1096708036,9
1096708037,9
1096708038,9
1096708039,9
1096708040,9
1096708041,9
1096708042,9
1096708043,9
1096708044,9
1096708045,9
1096708046,9
1096708047,9
1096708048,9
1096708049,9
1096708050,9
1096708051,9
1096708052,9
1096708053,9
1096708054,9
1096708055,9
1096708056,9
1096708057,9
1096708058,9
1096708059,9
1096708060,9
1096708061,9
1096708062,9
1096708063,9
1096708064,9
1096708065,9
1096708066,9
1096708067,9
1096708068,9
1096708069,9
1096708070,9
1096708071,9
1096708072,9
1096708073,9
1096708074,9
1096708075,9
1096708076,9
1096708077,9
1096708078,9
1096708079,9
1096708080,9
1096708081,9
1096708082,9
1096708083,9
1096708084,9
1096708085,9
1096708086,9
1096708087,9
1096708088,9
1096708089,9
1096708090,9
1096708091,9
1096708092,9
1096708093,9
1096708094,9
1096708095,9
1096708096,9
1096708097,9
1096708098,9
1096708099,9
1096708100,9
1096708101,9
1096708102,9
1096708103,9
1096708104,9
1096708105,9
1096708106,9
1096708107,9
1096708108,9
1096708109,9
1096708110,9
1096708111,9
1096708112,9
1096708113,9
1096708114,9
1096708115,9
1096708116,9
1096708117,9
1096708118,9
1096708119,9
1096708120,9
1096708121,9
1096708122,9
1096708123,9
1096708124,9
1096708125,9
1096708126,9
1096708127,9
1096708128,9
1096708129,9
1096708130,9
1096708131,9
1096708132,9
1096708133,9
1096708134,9
1096708135,9
1096708136,9
1096708137,9
1096708138,9
1096708139,9
1096708140,9
1096708141,9
1096708142,9
1096708143,9
1096708144,9
1096708145,9
1096708146,9
1096708147,9
1096708148,9
1096708149,9
1096708150,9
1096708151,9
1096708152,9
1096708153,9
1096708154,9
1096708155,9
1096708156,9
1096708157,9
1096708158,9
1096708159,9
1096708160,9
1096708161,9
1096708162,9
1096708163,9
1096708164,9
1096708165,9
1096708166,9
1096708167,9
1096708168,9
1096708169,9
1096708170,9
1096708171,9
1096708172,9
1096708173,9
1096708174,9
1096708175,9
1096708176,9
1096708177,9
1096708178,9
1096708179,9
1096708180,9
1096708181,9
1096708182,9
1096708183,9
1096708184,9
1096708185,9
1096708186,9
1096708187,9
1096708188,9
1096708189,9
1096708190,9
1096708191,9
1096708192,9
1096708193,9
1096708194,9
1096708195,9
1096708196,9
1096708197,9
1096708198,9
1096708199,9
1096708200,9
1096708201,9
1096708202,9
1096708203,9
1096708204,10
1096708205,10
1096708206,10
1096708207,10
1096708208,10
1096708209,10
1096708210,10
1096708211,10
1096708212,10
1096708213,10
1096708214,10
1096708215,10
1096708216,10
1096708217,10
1096708218,10
1096708219,10
1096708220,10
1096708221,10
1096708222,10
1096708223,10
1096708224,10
1096708225,10
1096708226,10
1096708227,10
1096708228,10
1096708229,10
1096708230,10
1096708231,10
1096708232,10
1096708233,10
1096708234,10
1096708235,10
1096708236,10
1096708237,10
1096708238,10
1096708239,10
1096708240,10
1096708241,10
1096708242,10
1096708243,10
1096708244,10
1096708245,10
1096708246,10
1096708247,10
1096708248,10
1096708249,10
1096708250,10
1096708251,10
1096708252,10
1096708253,10
1096708254,10
1096708255,10
1096708256,10
1096708257,10
1096708258,10
1096708259,10
1096708260,10
1096708261,10
1096708262,10
1096708263,10
1096708264,10
1096708265,10
1096708266,10
1096708267,10
1096708268,10
1096708269,10
1096708270,10
1096708271,10
1096708272,10
1096708273,10
1096708274,10
1096708275,10
1096708276,10
1096708277,10
1096708278,10
1096708279,10
1096708280,10
1096708281,10
1096708282,10
1096708283,10
1096708284,10
1096708285,10
1096708286,10
1096708287,10
1096708288,10
1096708289,10
1096708290,10
1096708291,10
1096708292,10
1096708293,10
1096708294,10
1096708295,10
1096708296,10
1096708297,10
1096708298,10
1096708299,10
1096708300,10
1096708301,10
1096708302,10
1096708303,10
1096708304,10
1096708305,10
1096708306,10
1096708307,10
1096708308,10
1096708309,10
1096708310,10
1096708311,10
1096708312,10
1096708313,10
1096708314,10
1096708315,10
1096708316,10
1096708317,10
1096708318,10
1096708319,10
1096708320,10
1096708321,10
1096708322,10
1096708323,10
1096708324,10
1096708325,10
1096708326,10
1096708327,10
1096708328,10
1096708329,10
1096708330,10
1096708331,10
1096708332,10
1096708333,10
1096708334,10
1096708335,10
1096708336,10
1096708337,10
1096708338,10
1096708339,10
1096708340,10
1096708341,10
1096708342,10
1096708343,10
1096708344,10
1096708345,10
1096708346,10
1096708347,10
1096708348,10
1096708349,10
1096708350,10
1096708351,10
1096708352,10
1096708353,10
1096708354,10
1096708355,10
1096708356,10
1096708357,10
1096708358,10
1096708359,10
1096708360,10
1096708361,10
1096708362,10
1096708363,10
1096708364,10
1096708365,10
1096708366,10
1096708367,10
1096708368,10
1096708369,10
1096708370,10
1096708371,10
1096708372,10
1096708373,10
1096708374,10
1096708375,10
1096708376,10
1096708377,10
1096708378,10
1096708379,10
1096708380,10
1096708381,10
1096708382,10
1096708383,10
1096708384,11
1096708385,11
1096708386,11
1096708387,11
1096708388,11
1096708389,11
1096708390,11
1096708391,11
1096708392,11
1096708393,11
1096708394,11
1096708395,11
1096708396,11
1096708397,11
1096708398,11
1096708399,11
1096708400,11
1096708401,11
1096708402,11
1096708403,11
1096708404,11
1096708405,11
1096708406,11
1096708407,11
1096708408,11
1096708409,11
1096708410,11
1096708411,11
1096708412,11
1096708413,11
1096708414,11
1096708415,11
1096708416,11
1096708417,11
1096708418,11
1096708419,11
1096708420,11
1096708421,11
1096708422,11
1096708423,11
1096708424,11
1096708425,11
1096708426,11
1096708427,11
1096708428,11
1096708429,11
1096708430,11
1096708431,11
1096708432,11
1096708433,11
1096708434,11
1096708435,11
1096708436,11
1096708437,11
1096708438,11
1096708439,11
1096708440,11
1096708441,11
1096708442,11
1096708443,11
1096708444,11
1096708445,11
1096708446,11
1096708447,11
1096708448,11
1096708449,11
1096708450,11
1096708451,11
1096708452,11
1096708453,11
1096708454,11
1096708455,11
1096708456,11
1096708457,11
1096708458,11
1096708459,11
1096708460,11
1096708461,11
1096708462,11
1096708463,11
1096708464,12
1096708465,12
1096708466,12
1096708467,12
1096708468,12
1096708469,12
1096708470,12
1096708471,12
1096708472,12
1096708473,12
1096708474,12
1096708475,12
1096708476,12
1096708477,12
1096708478,12
1096708479,12
1096708480,12
1096708481,12
1096708482,12
1096708483,12
1096708484,12
1096708485,12
1096708486,12
1096708487,12
1096708488,12
1096708489,12
1096708490,12
1096708491,12
1096708492,12
1096708493,12
1096708494,12
1096708495,12
1096708496,12
1096708497,12
1096708498,12
1096708499,12
1096708500,12
1096708501,12
1096708502,12
1096708503,12
1096708504,12
1096708505,12
1096708506,12
1096708507,12
1096708508,12
1096708509,12
1096708510,12
1096708511,12
1096708512,12
1096708513,12
1096708514,12
1096708515,12
1096708516,12
1096708517,12
1096708518,12
1096708519,12
1096708520,12
1096708521,12
1096708522,12
1096708523,12
1096708524,12
1096708525,12
1096708526,12
1096708527,12
1096708528,12
1096708529,12
1096708530,12
1096708531,12
1096708532,12
1096708533,12
1096708534,12
1096708535,12
1096708536,12
1096708537,12
1096708538,12
1096708539,12
1096708540,12
1096708541,12
1096708542,12
1096708543,12
1096708544,12
1096708545,12
1096708546,12
1096708547,12
1096708548,12
1096708549,12
1096708550,12
1096708551,12
1096708552,12
1096708553,12
1096708554,12
1096708555,12
1096708556,12
1096708557,12
1096708558,12
1096708559,12
1096708560,12
1096708561,12
1096708562,12
1096708563,12
1096708564,12
1096708565,12
1096708566,12
1096708567,12
1096708568,12
1096708569,12
1096708570,12
1096708571,12
1096708572,12
1096708573,12
1096708574,12
1096708575,12
1096708576,12
1096708577,12
1096708578,12
1096708579,12
1096708580,12
1096708581,12
1096708582,12
1096708583,12
1096708584,12
1096708585,12
1096708586,12
1096708587,12
1096708588,12
1096708589,12
1096708590,12
1096708591,12
1096708592,12
1096708593,12
1096708594,12
1096708595,12
1096708596,12
1096708597,12
1096708598,12
1096708599,12
1096708600,12
1096708601,12
1096708602,12
1096708603,12
1096708604,12
1096708605,12
1096708606,12
1096708607,12
1096708608,12
1096708609,12
1096708610,12
1096708611,12
1096708612,12
1096708613,12
1096708614,12
1096708615,12
1096708616,12
1096708617,12
1096708618,12
1096708619,12
1096708620,12
1096708621,12
1096708622,12
1096708623,12
1096708624,13
1096708625,13
1096708626,13
1096708627,13
1096708628,13
1096708629,13
1096708630,13
1096708631,13
1096708632,13
1096708633,13
1096708634,13
1096708635,13
1096708636,13
1096708637,13
1096708638,13
1096708639,13
1096708640,13
1096708641,13
1096708642,13
1096708643,13
1096708644,13
1096708645,13
1096708646,13
1096708647,13
1096708648,13
1096708649,13
1096708650,13
1096708651,13
1096708652,13
1096708653,13
1096708654,13
1096708655,13
1096708656,13
1096708657,13
1096708658,13
1096708659,13
1096708660,13
1096708661,13
1096708662,13
1096708663,13
1096708664,13
1096708665,13
1096708666,13
1096708667,13
1096708668,13
1096708669,13
1096708670,13
1096708671,13
1096708672,13
1096708673,13
1096708674,13
1096708675,13
1096708676,13
1096708677,13
1096708678,13
1096708679,13
1096708680,13
1096708681,13
1096708682,13
1096708683,13
1096708684,13
1096708685,13
1096708686,13
1096708687,13
1096708688,13
1096708689,13
1096708690,13
1096708691,13
1096708692,13
1096708693,13
1096708694,13
1096708695,13
1096708696,13
1096708697,13
1096708698,13
1096708699,13
1096708700,13
1096708701,13
1096708702,13
1096708703,13
1096708704,13
1096708705,13
1096708706,13
1096708707,13
1096708708,13
1096708709,13
1096708710,13
1096708711,13
1096708712,13
1096708713,13
1096708714,13
1096708715,13
1096708716,13
1096708717,13
1096708718,13
1096708719,13
1096708720,13
1096708721,13
1096708722,13
1096708723,13
1096708724,13
1096708725,13
1096708726,13
1096708727,13
1096708728,13
1096708729,13
1096708730,13
1096708731,13
1096708732,13
1096708733,13
1096708734,13
1096708735,13
1096708736,13
1096708737,13
1096708738,13
1096708739,13
1096708740,13
1096708741,13
1096708742,13
1096708743,13
1096708744,13
1096708745,13
1096708746,13
1096708747,13
1096708748,13
1096708749,13
1096708750,13
1096708751,13
1096708752,13
1096708753,13
1096708754,13
1096708755,13
1096708756,13
1096708757,13
1096708758,13
1096708759,13
1096708760,13
1096708761,13
1096708762,13
1096708763,13
1096708764,13
1096708765,13
1096708766,13
1096708767,13
1096708768,13
1096708769,13
1096708770,13
1096708771,13
1096708772,13
1096708773,13
1096708774,13
1096708775,13
1096708776,13
1096708777,13
1096708778,13
1096708779,13
1096708780,13
1096708781,13
1096708782,13
1096708783,13
1096708784,13
1096708785,13
1096708786,13
1096708787,13
1096708788,13
1096708789,13
1096708790,13
1096708791,13
1096708792,13
1096708793,13
1096708794,13
1096708795,13
1096708796,13
1096708797,13
1096708798,13
1096708799,13
1096708800,13
1096708801,13
1096708802,13
1096708803,13
1096708804,13
1096708805,13
1096708806,13
1096708807,13
1096708808,13
1096708809,13
1096708810,13
1096708811,13
1096708812,13
1096708813,13
1096708814,13
1096708815,13
1096708816,13
1096708817,13
1096708818,13
1096708819,13
1096708820,13
1096708821,13
1096708822,13
1096708823,13
1096708824,13
1096708825,13
1096708826,13
1096708827,13
1096708828,13
1096708829,13
1096708830,13
1096708831,13
1096708832,13
1096708833,13
1096708834,13
1096708835,13
1096708836,13
1096708837,13
1096708838,13
1096708839,13
1096708840,13
1096708841,13
1096708842,13
1096708843,13
1096708844,13
1096708845,13
1096708846,13
1096708847,13
1096708848,13
1096708849,13
1096708850,13
1096708851,13
1096708852,13
1096708853,13
1096708854,13
1096708855,13
1096708856,13
1096708857,13
1096708858,13
1096708859,13
1096708860,13
1096708861,13
1096708862,13
1096708863,13
1096708864,13
1096708865,13
1096708866,13
1096708867,13
1096708868,13
1096708869,13
1096708870,13
1096708871,13
1096708872,13
1096708873,13
1096708874,13
1096708875,13
1096708876,13
1096708877,13
1096708878,13
1096708879,13
1096708880,13
1096708881,13
1096708882,13
1096708883,13
1096708884,13
1096708885,13
1096708886,13
1096708887,13
1096708888,13
1096708889,13
1096708890,13
1096708891,13
1096708892,13
1096708893,13
1096708894,13
1096708895,13
1096708896,13
1096708897,13
1096708898,13
1096708899,13
1096708900,13
1096708901,13
1096708902,13
1096708903,13
1096708904,13
1096708905,13
1096708906,13
1096708907,13
1096708908,13
1096708909,13
1096708910,13
1096708911,13
1096708912,13
1096708913,13
1096708914,13
1096708915,13
1096708916,13
1096708917,13
1096708918,13
1096708919,13
1096708920,13
1096708921,13
1096708922,13
1096708923,13
1096708924,13
1096708925,13
1096708926,13
1096708927,13
1096708928,13
1096708929,13
1096708930,13
1096708931,13
1096708932,13
1096708933,13
1096708934,13
1096708935,13
1096708936,13
1096708937,13
1096708938,13
1096708939,13
1096708940,13
1096708941,13
1096708942,13
1096708943,13
1096708944,13
1096708945,13
1096708946,13
1096708947,13
1096708948,13
1096708949,13
1096708950,13
1096708951,13
1096708952,13
1096708953,13
1096708954,13
1096708955,13
1096708956,13
1096708957,13
1096708958,13
1096708959,13
1096708960,13
1096708961,13
1096708962,13
1096708963,13
1096708964,13
1096708965,13
1096708966,13
1096708967,13
1096708968,13
1096708969,13
1096708970,13
1096708971,13
1096708972,13
1096708973,13
1096708974,13
1096708975,13
1096708976,13
1096708977,13
1096708978,13
1096708979,13
1096708980,13
1096708981,13
1096708982,13
1096708983,13
1096708984,13
1096708985,13
1096708986,13
1096708987,13
1096708988,13
1096708989,13
1096708990,13
1096708991,13
1096708992,13
1096708993,13
1096708994,13
1096708995,13
1096708996,13
1096708997,13
1096708998,13
1096708999,13
1096709000,13
1096709001,13
1096709002,13
1096709003,13
1096709004,13
1096709005,13
1096709006,13
1096709007,13
1096709008,13
1096709009,13
1096709010,13
1096709011,13
1096709012,13
1096709013,13
1096709014,13
1096709015,13
1096709016,13
1096709017,13
1096709018,13
1096709019,13
1096709020,13
1096709021,13
1096709022,13
1096709023,13
1096709024,13
1096709025,13
1096709026,13
1096709027,13
1096709028,13
1096709029,13
1096709030,13
1096709031,13
1096709032,13
1096709033,13
1096709034,13
1096709035,13
1096709036,13
1096709037,13
1096709038,13
1096709039,13
1096709040,13
1096709041,13
1096709042,13
1096709043,13
1096709044,13
1096709045,13
1096709046,13
1096709047,13
1096709048,13
1096709049,13
1096709050,13
1096709051,13
1096709052,13
1096709053,13
1096709054,13
1096709055,13
1096709056,13
1096709057,13
1096709058,13
1096709059,13
1096709060,13
1096709061,13
1096709062,13
1096709063,13
1096709064,13
1096709065,13
1096709066,13
1096709067,13
1096709068,13
1096709069,13
1096709070,13
1096709071,13
1096709072,13
1096709073,13
1096709074,13
1096709075,13
1096709076,13
1096709077,13
1096709078,13
1096709079,13
1096709080,13
1096709081,13
1096709082,13
1096709083,13
1096709084,13
1096709085,13
1096709086,13
1096709087,13
1096709088,13
1096709089,13
1096709090,13
1096709091,13
1096709092,13
1096709093,13
1096709094,13
1096709095,13
1096709096,13
1096709097,13
1096709098,13
1096709099,13
1096709100,13
1096709101,13
1096709102,13
1096709103,13
1096709104,13
1096709105,13
1096709106,13
1096709107,13
1096709108,13
1096709109,13
1096709110,13
1096709111,13
1096709112,13
1096709113,13
1096709114,13
1096709115,13
1096709116,13
1096709117,13
1096709118,13
1096709119,13
1096709120,13
1096709121,13
1096709122,13
1096709123,13
1096709124,13
1096709125,13
1096709126,13
1096709127,13
1096709128,13
1096709129,13
1096709130,13
1096709131,13
1096709132,13
1096709133,13
1096709134,13
1096709135,13
1096709136,13
1096709137,13
1096709138,13
1096709139,13
1096709140,13
1096709141,13
1096709142,13
1096709143,13
1096709144,13
1096709145,13
1096709146,13
1096709147,13
1096709148,13
1096709149,13
1096709150,13
1096709151,13
1096709152,13
1096709153,13
1096709154,13
1096709155,13
1096709156,13
1096709157,13
1096709158,13
1096709159,13
1096709160,13
1096709161,13
1096709162,13
1096709163,13
1096709164,13
1096709165,13
1096709166,13
1096709167,13
1096709168,13
1096709169,13
1096709170,13
1096709171,13
1096709172,13
1096709173,13
1096709174,13
1096709175,13
1096709176,13
1096709177,13
1096709178,13
1096709179,13
1096709180,13
1096709181,13
1096709182,13
1096709183,13
1096709184,13
1096709185,13
1096709186,13
1096709187,13
1096709188,13
1096709189,13
1096709190,13
1096709191,13
1096709192,13
1096709193,13
1096709194,13
1096709195,13
1096709196,13
1096709197,13
1096709198,13
1096709199,13
1096709200,13
1096709201,13
1096709202,13
1096709203,13
1096709204,13
1096709205,13
1096709206,13
1096709207,13
1096709208,13
1096709209,13
1096709210,13
1096709211,13
1096709212,13
1096709213,13
1096709214,13
1096709215,13
1096709216,13
1096709217,13
1096709218,13
1096709219,13
1096709220,13
1096709221,13
1096709222,13
1096709223,13
1096709224,13
1096709225,13
1096709226,13
1096709227,13
1096709228,13
1096709229,13
1096709230,13
1096709231,13
1096709232,13
1096709233,13
1096709234,13
1096709235,13
1096709236,13
1096709237,13
1096709238,13
1096709239,13
1096709240,13
1096709241,13
1096709242,13
1096709243,13
1096709244,13
1096709245,13
1096709246,13
1096709247,13
1096709248,13
1096709249,13
1096709250,13
1096709251,13
1096709252,13
1096709253,13
1096709254,13
1096709255,13
1096709256,13
1096709257,13
1096709258,13
1096709259,13
1096709260,13
1096709261,13
1096709262,13
1096709263,13
1096709264,13
1096709265,13
1096709266,13
1096709267,13
1096709268,13
1096709269,13
1096709270,13
1096709271,13
1096709272,13
1096709273,13
1096709274,13
1096709275,13
1096709276,13
1096709277,13
1096709278,13
1096709279,13
1096709280,13
1096709281,13
1096709282,13
1096709283,13
1096709284,13
1096709285,13
1096709286,13
1096709287,13
1096709288,13
1096709289,13
1096709290,13
1096709291,13
1096709292,13
1096709293,13
1096709294,13
1096709295,13
1096709296,13
1096709297,13
1096709298,13
1096709299,13
1096709300,13
1096709301,13
1096709302,13
1096709303,13
1096709304,13
1096709305,13
1096709306,13
1096709307,13
1096709308,13
1096709309,13
1096709310,13
1096709311,13
1096709312,13
1096709313,13
1096709314,13
1096709315,13
1096709316,13
1096709317,13
1096709318,13
1096709319,13
1096709320,13
1096709321,13
1096709322,13
1096709323,13
1096709324,13
1096709325,13
1096709326,13
1096709327,13
1096709328,13
1096709329,13
1096709330,13
1096709331,13
1096709332,13
1096709333,13
1096709334,13
1096709335,13
1096709336,13
1096709337,13
1096709338,13
1096709339,13
1096709340,13
1096709341,13
1096709342,13
1096709343,13
1096709344,13
1096709345,13
1096709346,13
1096709347,13
1096709348,13
1096709349,13
1096709350,13
1096709351,13
1096709352,13
1096709353,13
1096709354,13
1096709355,13
1096709356,13
1096709357,13
1096709358,13
1096709359,13
1096709360,13
1096709361,13
1096709362,13
1096709363,13
1096709364,13
1096709365,13
1096709366,13
1096709367,13
1096709368,13
1096709369,13
1096709370,13
1096709371,13
1096709372,13
1096709373,13
1096709374,13
1096709375,13
1096709376,13
1096709377,13
1096709378,13
1096709379,13
1096709380,13
1096709381,13
1096709382,13
1096709383,13
1096709384,13
1096709385,13
1096709386,13
1096709387,13
1096709388,13
1096709389,13
1096709390,13
1096709391,13
1096709392,13
1096709393,13
1096709394,13
1096709395,13
1096709396,13
1096709397,13
1096709398,13
1096709399,13
1096709400,13
1096709401,13
1096709402,13
1096709403,13
1096709404,13
1096709405,13
1096709406,13
1096709407,13
1096709408,13
1096709409,13
1096709410,13
1096709411,13
1096709412,13
1096709413,13
1096709414,13
1096709415,13
1096709416,13
1096709417,13
1096709418,13
1096709419,13
1096709420,13
1096709421,13
1096709422,13
1096709423,13
1096709424,13
1096709425,13
1096709426,13
1096709427,13
1096709428,13
1096709429,13
1096709430,13
1096709431,13
1096709432,13
1096709433,13
1096709434,13
1096709435,13
1096709436,13
1096709437,13
1096709438,13
1096709439,13
1096709440,13
1096709441,13
1096709442,13
1096709443,13
1096709444,13
1096709445,13
1096709446,13
1096709447,13
1096709448,13
1096709449,13
1096709450,13
1096709451,13
1096709452,13
1096709453,13
1096709454,13
1096709455,13
1096709456,13
1096709457,13
1096709458,13
1096709459,13
1096709460,13
1096709461,13
1096709462,13
1096709463,13
1096709464,13
1096709465,13
1096709466,13
1096709467,13
1096709468,13
1096709469,13
1096709470,13
1096709471,13
1096709472,13
1096709473,13
1096709474,13
1096709475,13
1096709476,13
1096709477,13
1096709478,13
1096709479,13
1096709480,13