date,charged,drained,max,min
2026-09-01,40,56,62,21
2026-09-02,51,49,75,24
2026-09-03,64,71,88,19
2026-09-04,50,39,67,17
2026-09-05,44,43,72,30
2026-09-06,62,46,85,25
2026-09-07,38,55,81,30
2026-09-08,38,53,63,15
2026-09-09,63,34,62,12
2026-09-10,44,67,88,23
2026-09-11,76,60,92,23
2026-09-12,58,64,87,33
2026-09-13,71,64,99,33
2026-09-14,62,60,98,36
2026-09-15,57,60,96,37
2026-09-16,51,47,84,39
2026-09-17,47,63,90,27
2026-09-18,46,51,70,24
2026-09-19,59,48,82,24
2026-09-20,38,58,66,15
2026-09-21,33,36,48,12
2026-09-22,46,41,55,9
2026-09-23,40,42,54,13
2026-09-24,58,47,71,15
2026-09-25,56,54,77,25
2026-09-26,64,50,87,28
2026-09-27,53,56,81,33
2026-09-28,51,50,84,38
2026-09-29,57,64,93,29
2026-09-30,47,59,79,20
