"DateTime";"Series 1";"Minute Volume - vol/min";"Heart Rate - bpm";"Power - watts"
"1970-01-01 00:00:00";;23,31;;
"1970-01-01 00:00:00";;23,33;;
"1970-01-01 00:00:00";;23,36;;
"1970-01-01 00:00:00";;23,38;;
"1970-01-01 00:00:00";;23,41;;
"1970-01-01 00:00:00";;23,43;;
"1970-01-01 00:00:00";;23,45;;
"1970-01-01 00:00:00";;23,47;;
"1970-01-01 00:00:00";;23,49;;
"1970-01-01 00:00:00";;23,51;;
"1970-01-01 00:00:00";;23,53;;
"1970-01-01 00:00:00";;23,55;;
"1970-01-01 00:00:00";;23,57;;
"1970-01-01 00:00:00";;23,59;;
"1970-01-01 00:00:00";;23,62;;
"1970-01-01 00:00:00";;23,66;;
"1970-01-01 00:00:00";;23,7;;
"1970-01-01 00:00:00";;23,74;;
"1970-01-01 00:00:00";;23,79;;
"1970-01-01 00:00:00";;23,83;;
"1970-01-01 00:00:00";;23,88;;
"1970-01-01 00:00:00";;23,91;;
"1970-01-01 00:00:00";;23,94;;
"1970-01-01 00:00:00";;23,97;;
"1970-01-01 00:00:00";;24;;
"1970-01-01 00:00:00";;24,04;;
"1970-01-01 00:00:00";;24,08;;
"1970-01-01 00:00:00";;24,1;;
"1970-01-01 00:00:00";;24,13;;
"1970-01-01 00:00:00";;24,15;;
"1970-01-01 00:00:00";;24,18;;
"1970-01-01 00:00:00";;24,21;;
"1970-01-01 00:00:00";;24,25;;
"1970-01-01 00:00:00";;24,28;95;65,95
"1970-01-01 00:00:00";;24,34;95;65,5
"1970-01-01 00:00:00";;24,37;95;65,05
"1970-01-01 00:00:00";;24,39;95;64,6
"1970-01-01 00:00:00";;24,41;95;64,15
"1970-01-01 00:00:00";;24,43;95;63,7
"1970-01-01 00:00:00";;24,45;95;63,25
"1970-01-01 00:00:00";;24,48;95;62,8
"1970-01-01 00:00:00";;24,5;95;61,33
"1970-01-01 00:00:00";;24,53;95;61,47
"1970-01-01 00:00:00";;24,56;95;61,93
"1970-01-01 00:00:00";;24,59;95;60,4
"1970-01-01 00:00:00";;24,62;95;59,47
"1970-01-01 00:00:00";;24,67;96;60,33
"1970-01-01 00:00:00";;25,02;96;61,53
"1970-01-01 00:00:00";;25,37;97;61,33
"1970-01-01 00:00:00";;25,73;97;62,8
"1970-01-01 00:00:00";;25,99;98;63
"1970-01-01 00:00:00";;26,22;97;62,2
"1970-01-01 00:00:00";;26,4;98;62,2
"1970-01-01 00:00:00";;25,93;98;61,27
"1970-01-01 00:00:00";;25,45;98;61,8
"1970-01-01 00:00:00";;25,24;98;60,4
"1970-01-01 00:00:00";;25,18;98;60,6
"1970-01-01 00:00:00";;25,12;98;59,6
"1970-01-01 00:00:00";;24,91;98;60,6
"1970-01-01 00:00:00";;24,69;98;61,87
"1970-01-01 00:00:00";;24,94;98;60,67
"1970-01-01 00:00:00";;25,25;98;60,4
"1970-01-01 00:00:00";;25,6;99;59,13
"1970-01-01 00:00:00";;25,95;98;59,47
"1970-01-01 00:00:00";;26,1;98;59,07
"1970-01-01 00:00:00";;26,15;98;58,93
"1970-01-01 00:00:00";;26,49;98;59,2
"1970-01-01 00:00:00";;26,94;98;59,6
"1970-01-01 00:00:00";;27,35;98;59,8
"1970-01-01 00:00:00";;27,66;99;60,73
"1970-01-01 00:00:00";;27,96;99;61,73
"1970-01-01 00:00:00";;28,42;99;61,93
"1970-01-01 00:00:00";;28,9;99;63,2
"1970-01-01 00:00:00";;29,37;99;61,4
"1970-01-01 00:00:00";;29,83;99;60,67
"1970-01-01 00:00:00";;30,29;99;61,4
"1970-01-01 00:00:00";;30,63;99;61,07
"1970-01-01 00:00:00";;30,94;99;61,8
"1970-01-01 00:00:00";;31,2;99;61,53
"1970-01-01 00:00:00";;31,4;99;61,2
"1970-01-01 00:00:00";;31,6;99;60,67
"1970-01-01 00:00:00";;31,85;98;60,87
"1970-01-01 00:00:00";;32,12;98;61
"1970-01-01 00:00:00";;32,41;98;61,47
"1970-01-01 00:00:00";;32,79;98;62,13
"1970-01-01 00:00:00";;33,45;98;61,4
"1970-01-01 00:00:00";;34,1;98;61,13
"1970-01-01 00:00:00";;34,76;98;60,8
"1970-01-01 00:00:00";;35,76;98;63,4
"1970-01-01 00:00:00";;37,64;99;63,73
"1970-01-01 00:00:00";;39,15;99;63,8
"1970-01-01 00:00:00";;39,48;99;64,07
"1970-01-01 00:00:00";;39,74;99;64,13
"1970-01-01 00:00:00";;39,75;100;64
"1970-01-01 00:00:00";;39,76;100;64,4
"1970-01-01 00:00:00";;39,62;100;64,33
"1970-01-01 00:00:00";;39,46;101;63,93
"1970-01-01 00:00:00";;39,32;101;63,8
"1970-01-01 00:00:00";;39,26;101;62,87
"1970-01-01 00:00:00";;39,21;101;61,4
"1970-01-01 00:00:00";;39,13;101;61,73
"1970-01-01 00:00:00";;39,05;102;62,2
"1970-01-01 00:00:00";;38,97;102;62,47
"1970-01-01 00:00:00";;39,02;102;60,6
"1970-01-01 00:00:00";;39,21;102,5;60,73
"1970-01-01 00:00:00";;39,39;103;60,53
"1970-01-01 00:00:00";;39,5;103;60,4
"1970-01-01 00:00:00";;39,6;103;60,6
"1970-01-01 00:00:00";;39,68;102;60,93
"1970-01-01 00:00:00";;39,76;102;61,07
"1970-01-01 00:00:00";;39,82;102;61,33
"1970-01-01 00:00:00";;39,75;103;61,47
"1970-01-01 00:00:00";;39,67;103;61,67
"1970-01-01 00:00:00";;39,61;104;61,53
"1970-01-01 00:00:00";;39,58;105;61,93
"1970-01-01 00:00:00";;39,54;105;62,27
"1970-01-01 00:00:00";;39,55;105;61,93
"1970-01-01 00:00:00";;39,58;105;61,53
"1970-01-01 00:00:00";;39,6;104;61,73
"1970-01-01 00:00:00";;39,62;103;61,73
"1970-01-01 00:00:00";;39,64;102;62,07
"1970-01-01 00:00:00";;39,66;101;62,27
"1970-01-01 00:00:00";;39,68;100;62,07
"1970-01-01 00:00:00";;39,7;100;62,4
"1970-01-01 00:00:00";;39,25;100;62,27
"1970-01-01 00:00:00";;38,99;100;62,33
"1970-01-01 00:00:00";;38,98;100;63,53
"1970-01-01 00:00:00";;38,97;100;63,4
"1970-01-01 00:00:00";;38,92;101;64
"1970-01-01 00:00:00";;38,82;102;64,4
"1970-01-01 00:00:00";;38,66;102;64,67
"1970-01-01 00:00:00";;38,28;102;65,6
"1970-01-01 00:00:00";;37,92;101;66,47
"1970-01-01 00:00:00";;37,81;101;66,47
"1970-01-01 00:00:00";;37,69;100;66,47
"1970-01-01 00:00:00";;37,57;100;66,87
"1970-01-01 00:00:00";;37,44;100;66,67
"1970-01-01 00:00:00";;37,31;100;65,6
"1970-01-01 00:00:00";;37,18;100;65,6
"1970-01-01 00:00:00";;36,93;100;65,53
"1970-01-01 00:00:00";;36,66;100;65,6
"1970-01-01 00:00:00";;36,4;100;64,93
"1970-01-01 00:00:00";;36,4;100;64,93
"1970-01-01 00:00:00";;36,4;100;65,47
"1970-01-01 00:00:00";;36,34;101;65,6
"1970-01-01 00:00:00";;36,19;102;65,4
"1970-01-01 00:00:00";;36,04;102;65,53
"1970-01-01 00:00:00";;35,96;101;64,6
"1970-01-01 00:00:00";;35,91;101;65,27
"1970-01-01 00:00:00";;35,85;101;65,47
"1970-01-01 00:00:00";;35,74;101;64,93
"1970-01-01 00:00:00";;35,6;101;65,53
"1970-01-01 00:00:00";;35,45;101;67,13
"1970-01-01 00:00:00";;35,32;101;66,73
"1970-01-01 00:00:00";;35,19;101;67,4
"1970-01-01 00:00:00";;35,07;100;67,93
"1970-01-01 00:00:00";;35,09;100;67,4
"1970-01-01 00:00:00";;35,12;100;68,2
"1970-01-01 00:00:00";;35,04;99;66,93
"1970-01-01 00:00:00";;34,82;99;66,4
"1970-01-01 00:00:00";;34,61;99;66,4
"1970-01-01 00:00:00";;34,56;99;65,8
"1970-01-01 00:00:00";;34,55;99;65,73
"1970-01-01 00:00:00";;34,55;99;65,13
"1970-01-01 00:00:00";;34,54;99;65,67
"1970-01-01 00:00:00";;34,36;98;66,33
"1970-01-01 00:00:00";;33,88;98;65,2
"1970-01-01 00:00:00";;33,33;97;65,53
"1970-01-01 00:00:00";;32,62;97;66,07
"1970-01-01 00:00:00";;31,9;96,5;66,27
"1970-01-01 00:00:00";;31,03;96;66,27
"1970-01-01 00:00:00";;29,96;97;66,07
"1970-01-01 00:00:00";;28,89;96;65,73
"1970-01-01 00:00:00";;28,33;96;66,47
"1970-01-01 00:00:00";;28,33;96;66,6
"1970-01-01 00:00:00";;28,33;96;66,53
"1970-01-01 00:00:00";;28,34;96;66,6
"1970-01-01 00:00:00";;28,35;96;67,13
"1970-01-01 00:00:00";;28,36;96;66,87
"1970-01-01 00:00:00";;28,43;97;66,67
"1970-01-01 00:00:00";;28,54;98;66,07
"1970-01-01 00:00:00";;28,64;98;67,2
"1970-01-01 00:00:00";;28,78;98;66,33
"1970-01-01 00:00:00";;28,96;98;65,87
"1970-01-01 00:00:00";;29,14;99;65,33
"1970-01-01 00:00:00";;29,05;99;65,13
"1970-01-01 00:00:00";;28,92;99;65,8
"1970-01-01 00:00:00";;28,8;99;65,33
"1970-01-01 00:00:00";;28,8;99;64,87
"1970-01-01 00:00:00";;28,8;99;64,13
"1970-01-01 00:00:00";;28,84;99;64,53
"1970-01-01 00:00:00";;28,9;99;64
"1970-01-01 00:00:00";;28,97;99;64
"1970-01-01 00:00:00";;29,06;99;63,87
"1970-01-01 00:00:00";;29,15;99;63,6
"1970-01-01 00:00:00";;29,34;99;63,2
"1970-01-01 00:00:00";;29,52;99;62,8
"1970-01-01 00:00:00";;29,73;99;62,33
"1970-01-01 00:00:00";;29,96;100;62,93
"1970-01-01 00:00:00";;30,16;100;62,53
"1970-01-01 00:00:00";;30,3;100;61,47
"1970-01-01 00:00:00";;30,44;100;61,4
"1970-01-01 00:00:00";;30,37;99;61,6
"1970-01-01 00:00:00";;30,26;98,5;61,93
"1970-01-01 00:00:00";;30,39;98;62,8
"1970-01-01 00:00:00";;30,75;97,5;63
"1970-01-01 00:00:00";;31,04;97;63,67
"1970-01-01 00:00:00";;31,29;97;63,8
"1970-01-01 00:00:00";;31,5;96;64,4
"1970-01-01 00:00:00";;31,68;96;64,2
"1970-01-01 00:00:00";;31,86;96;64,67
"1970-01-01 00:00:00";;31,92;96;64,47
"1970-01-01 00:00:00";;31,94;97;64,87
"1970-01-01 00:00:00";;31,96;97;63,87
"1970-01-01 00:00:00";;31,85;98;63,73
"1970-01-01 00:00:00";;31,74;98;64,4
"1970-01-01 00:00:00";;31,67;99;64,13
"1970-01-01 00:00:00";;31,63;101;64,47
"1970-01-01 00:00:00";;31,73;103;65,53
"1970-01-01 00:00:00";;32,07;105;65,8
"1970-01-01 00:00:00";;32,41;106;65,47
"1970-01-01 00:00:00";;32,51;106;64,93
"1970-01-01 00:00:00";;32,59;107;64,93
"1970-01-01 00:00:00";;32,67;107;64,4
"1970-01-01 00:00:00";;32,56;107;64,6
"1970-01-01 00:00:00";;32,35;107;64,13
"1970-01-01 00:00:00";;32,15;106;64,6
"1970-01-01 00:00:00";;31,94;106;64,87
"1970-01-01 00:00:00";;31,73;106;66,73
"1970-01-01 00:00:00";;31,54;106;69,07
"1970-01-01 00:00:00";;31,42;106;70,87
"1970-01-01 00:00:00";;31,3;104;71,33
"1970-01-01 00:00:00";;31,01;104;71,2
"1970-01-01 00:00:00";;30,67;104;70,33
"1970-01-01 00:00:00";;30,32;103;69,27
"1970-01-01 00:00:00";;29,95;102;68,87
"1970-01-01 00:00:00";;29,84;102;69,13
"1970-01-01 00:00:00";;29,9;102;69
"1970-01-01 00:00:00";;29,88;101;69,47
"1970-01-01 00:00:00";;29,74;101;68,6
"1970-01-01 00:00:00";;29,6;101;69
"1970-01-01 00:00:00";;29,55;101;68,13
"1970-01-01 00:00:00";;29,51;101;68,07
"1970-01-01 00:00:00";;29,57;101;66,87
"1970-01-01 00:00:00";;29,67;100;64,67
"1970-01-01 00:00:00";;29,7;100;63
"1970-01-01 00:00:00";;29,7;100;62,67
"1970-01-01 00:00:00";;29,7;100;62,4
"1970-01-01 00:00:00";;29,64;100;62,67
"1970-01-01 00:00:00";;29,56;100;63,53
"1970-01-01 00:00:00";;29,53;100;64,2
"1970-01-01 00:00:00";;29,51;100;64,87
"1970-01-01 00:00:00";;29,5;100;64,73
"1970-01-01 00:00:00";;29,43;99;64,67
"1970-01-01 00:00:00";;29,36;98;65,73
"1970-01-01 00:00:00";;29,29;98;66,33
"1970-01-01 00:00:00";;29,21;97;66,6
"1970-01-01 00:00:00";;29,14;97;66,13
"1970-01-01 00:00:00";;29,32;96;66,6
"1970-01-01 00:00:00";;29,5;96;66,93
"1970-01-01 00:00:00";;29,69;96;66,4
"1970-01-01 00:00:00";;29,66;96;66,87
"1970-01-01 00:00:00";;29,62;96;66,8
"1970-01-01 00:00:00";;29,76;96;66,73
"1970-01-01 00:00:00";;30,11;97;66,8
"1970-01-01 00:00:00";;30,37;97;66,33
"1970-01-01 00:00:00";;30,62;97;65,8
"1970-01-01 00:00:00";;30,5;97;66,07
"1970-01-01 00:00:00";;30,29;97;66,27
"1970-01-01 00:00:00";;30,11;97;66,07
"1970-01-01 00:00:00";;30,22;97;65,8
"1970-01-01 00:00:00";;30,32;97;66,47
"1970-01-01 00:00:00";;30,38;98;67,33
"1970-01-01 00:00:00";;30,4;98;66,73
"1970-01-01 00:00:00";;30,42;98;66,87
"1970-01-01 00:00:00";;30,43;97;67,13
"1970-01-01 00:00:00";;30,42;97;66,67
"1970-01-01 00:00:00";;30,4;96;66,67
"1970-01-01 00:00:00";;30,38;96;66,73
"1970-01-01 00:00:00";;30,35;96;66,33
"1970-01-01 00:00:00";;30,33;96;66,47
"1970-01-01 00:00:00";;30,3;97;66,6
"1970-01-01 00:00:00";;30,16;98;66,67
"1970-01-01 00:00:00";;30,01;99;67,47
"1970-01-01 00:00:00";;30,04;99;67,67
"1970-01-01 00:00:00";;30,14;99;68,07
"1970-01-01 00:00:00";;30,2;99;68,07
"1970-01-01 00:00:00";;30,2;99;67,4
"1970-01-01 00:00:00";;30,23;99;67,67
"1970-01-01 00:00:00";;30,38;99;68,13
"1970-01-01 00:00:00";;30,54;99,5;68,6
"1970-01-01 00:00:00";;30,63;100;68,2
"1970-01-01 00:00:00";;30,7;101;68,2
"1970-01-01 00:00:00";;30,6;101;68
"1970-01-01 00:00:00";;30,35;102;68,33
"1970-01-01 00:00:00";;30,1;102;68,53
"1970-01-01 00:00:00";;30,42;102;68,67
"1970-01-01 00:00:00";;30,73;102;68,73
"1970-01-01 00:00:00";;32,16;101;68,27
"1970-01-01 00:00:00";;34,12;101;68,33
"1970-01-01 00:00:00";;35,45;101;67,47
"1970-01-01 00:00:00";;35,7;100;66,87
"1970-01-01 00:00:00";;35,94;99;67,6
"1970-01-01 00:00:00";;36,19;99;67,4
"1970-01-01 00:00:00";;36,46;99;67
"1970-01-01 00:00:00";;37,07;99;67,4
"1970-01-01 00:00:00";;37,72;99;67,93
"1970-01-01 00:00:00";;38,4;99;67,6
"1970-01-01 00:00:00";;38,51;99;67,67
"1970-01-01 00:00:00";;38,61;98;67,67
"1970-01-01 00:00:00";;38,82;98;67,13
"1970-01-01 00:00:00";;39,45;98;67
"1970-01-01 00:00:00";;40,07;98;66,8
"1970-01-01 00:00:00";;41,27;98;66,13
"1970-01-01 00:00:00";;42,75;98;66,07
"1970-01-01 00:00:00";;43,93;99;66,53
"1970-01-01 00:00:00";;43,9;99;66,6
"1970-01-01 00:00:00";;43,87;99;66,27
"1970-01-01 00:00:00";;43,78;99;66,27
"1970-01-01 00:00:00";;43,68;99;66,47
"1970-01-01 00:00:00";;43,6;99;66,07
"1970-01-01 00:00:00";;43,61;99;65,87
"1970-01-01 00:00:00";;43,63;99;66,27
"1970-01-01 00:00:00";;43,66;99;66,47
"1970-01-01 00:00:00";;43,74;99;66,53
"1970-01-01 00:00:00";;43,75;99;67,13
"1970-01-01 00:00:00";;43,55;99;66,73
"1970-01-01 00:00:00";;43,34;99;66,8
"1970-01-01 00:00:00";;43,18;99;67,4
"1970-01-01 00:00:00";;43,05;98;67,07
"1970-01-01 00:00:00";;43;98;66,53
"1970-01-01 00:00:00";;43,11;98;67,4
"1970-01-01 00:00:00";;43,19;98;67,4
"1970-01-01 00:00:00";;43,12;98;67,4
"1970-01-01 00:00:00";;42,96;98;68,6
"1970-01-01 00:00:00";;42,52;99;68,67
"1970-01-01 00:00:00";;42,18;98;69,07
"1970-01-01 00:00:00";;41,98;98;69,6
"1970-01-01 00:00:00";;41,82;99;69,67
"1970-01-01 00:00:00";;41,97;99;69,73
"1970-01-01 00:00:00";;42,13;99;69,6
"1970-01-01 00:00:00";;41,88;99;69,73
"1970-01-01 00:00:00";;41,62;99;69,6
"1970-01-01 00:00:00";;41,54;99;69,33
"1970-01-01 00:00:00";;41,51;99;69,6
"1970-01-01 00:00:00";;41,47;99;69,87
"1970-01-01 00:00:00";;41,44;99;68,93
"1970-01-01 00:00:00";;41,33;99;69,13
"1970-01-01 00:00:00";;41,23;99;69,07
"1970-01-01 00:00:00";;41,17;98;67,8
"1970-01-01 00:00:00";;41,1;98;67,8
"1970-01-01 00:00:00";;41,2;98;67,87
"1970-01-01 00:00:00";;41,3;98;68
"1970-01-01 00:00:00";;41,28;98;68,13
"1970-01-01 00:00:00";;41,21;98;68
"1970-01-01 00:00:00";;41,21;98;67,53
"1970-01-01 00:00:00";;41,31;99;68,2
"1970-01-01 00:00:00";;41,41;100;68,27
"1970-01-01 00:00:00";;41,38;101;68,53
"1970-01-01 00:00:00";;41,31;102;67,8
"1970-01-01 00:00:00";;41,25;102;67,27
"1970-01-01 00:00:00";;41,18;103;67,47
"1970-01-01 00:00:00";;41,1;103;67,67
"1970-01-01 00:00:00";;41,04;103;67,6
"1970-01-01 00:00:00";;41,08;103;68
"1970-01-01 00:00:00";;41,13;103;67,73
"1970-01-01 00:00:00";;41,07;103;67,6
"1970-01-01 00:00:00";;40,77;103;67,27
"1970-01-01 00:00:00";;40,47;102;66,87
"1970-01-01 00:00:00";;39,63;102;66,87
"1970-01-01 00:00:00";;38,48;102;66,4
"1970-01-01 00:00:00";;37,33;102;65,6
"1970-01-01 00:00:00";;36,58;102;65,8
"1970-01-01 00:00:00";;36,51;102;65,47
"1970-01-01 00:00:00";;36,45;101,5;66
"1970-01-01 00:00:00";;36,38;101;66,87
"1970-01-01 00:00:00";;36,44;101;66,2
"1970-01-01 00:00:00";;36,53;101;65,8
"1970-01-01 00:00:00";;36,59;101;66,33
"1970-01-01 00:00:00";;36,52;101;66,13
"1970-01-01 00:00:00";;36,46;102;66,53
"1970-01-01 00:00:00";;36,27;102;66,33
"1970-01-01 00:00:00";;35,99;102;66,4
"1970-01-01 00:00:00";;35,8;102;66,33
"1970-01-01 00:00:00";;35,78;101;66,67
"1970-01-01 00:00:00";;35,77;101;67,07
"1970-01-01 00:00:00";;35,3;100;67,8
"1970-01-01 00:00:00";;34,75;100;67,6
"1970-01-01 00:00:00";;34,11;99;67,47
"1970-01-01 00:00:00";;33,18;99;67,27
"1970-01-01 00:00:00";;32,24;99;66,6
"1970-01-01 00:00:00";;31,56;99;67,33
"1970-01-01 00:00:00";;31,68;98;67,07
"1970-01-01 00:00:00";;31,79;98;66,4
"1970-01-01 00:00:00";;31,6;98;65,87
"1970-01-01 00:00:00";;31,39;97;66
"1970-01-01 00:00:00";;31,36;97;65,93
"1970-01-01 00:00:00";;31,34;97;65,53
"1970-01-01 00:00:00";;31,28;97;65,47
"1970-01-01 00:00:00";;31,12;97;65
"1970-01-01 00:00:00";;30,97;97;65,47
"1970-01-01 00:00:00";;31,06;97;65,4
"1970-01-01 00:00:00";;31,33;97;65,6
"1970-01-01 00:00:00";;31,6;97;65,93
"1970-01-01 00:00:00";;31,71;98;65,67
"1970-01-01 00:00:00";;31,82;98;66,8
"1970-01-01 00:00:00";;31,86;98;66,6
"1970-01-01 00:00:00";;31,84;99;67
"1970-01-01 00:00:00";;31,85;99;67,47
"1970-01-01 00:00:00";;31,93;99;67,73
"1970-01-01 00:00:00";;32,01;99;67,2
"1970-01-01 00:00:00";;32,21;99;67,4
"1970-01-01 00:00:00";;32,5;99;68,13
"1970-01-01 00:00:00";;32,56;99;68
"1970-01-01 00:00:00";;32,49;99;67,47
"1970-01-01 00:00:00";;32,43;99;67,87
"1970-01-01 00:00:00";;32,38;99;67,87
"1970-01-01 00:00:00";;32,3;99;67,73
"1970-01-01 00:00:00";;32,22;99;68
"1970-01-01 00:00:00";;32,14;99;68,73
"1970-01-01 00:00:00";;32,08;99;67,87
"1970-01-01 00:00:00";;32,02;99;68,2
"1970-01-01 00:00:00";;31,98;99;68,53
"1970-01-01 00:00:00";;31,96;99;68,67
"1970-01-01 00:00:00";;31,95;99;68,47
"1970-01-01 00:00:00";;32;99;68,87
"1970-01-01 00:00:00";;32,06;99;69,27
"1970-01-01 00:00:00";;32,07;100;68,53
"1970-01-01 00:00:00";;32,07;100;69,47
"1970-01-01 00:00:00";;32,1;101;69,67
"1970-01-01 00:00:00";;32,15;101;69,6
"1970-01-01 00:00:00";;32,2;101;69,33
"1970-01-01 00:00:00";;32,09;101;69,33
"1970-01-01 00:00:00";;31,96;101;69,33
"1970-01-01 00:00:00";;32,11;101;68,73
"1970-01-01 00:00:00";;32,35;101;68,6
"1970-01-01 00:00:00";;32,93;101;68,8
"1970-01-01 00:00:00";;33,5;101;68,13
"1970-01-01 00:00:00";;33,79;101;67,53
"1970-01-01 00:00:00";;34,09;101;67,27
"1970-01-01 00:00:00";;34,19;100;66,93
"1970-01-01 00:00:00";;34,23;100;66,27
"1970-01-01 00:00:00";;34,27;100;66,47
"1970-01-01 00:00:00";;34,85;100;66,27
"1970-01-01 00:00:00";;35,43;100;67
"1970-01-01 00:00:00";;35,71;100;67,07
"1970-01-01 00:00:00";;35,46;100;67,2
"1970-01-01 00:00:00";;35,2;99,5;67,27
"1970-01-01 00:00:00";;34,75;99;67
"1970-01-01 00:00:00";;34,29;99;68,2
"1970-01-01 00:00:00";;34,57;99;68,47
"1970-01-01 00:00:00";;35,12;98;68,6
"1970-01-01 00:00:00";;35,54;98;69,53
"1970-01-01 00:00:00";;35,65;98;69,53
"1970-01-01 00:00:00";;35,76;99;70,13
"1970-01-01 00:00:00";;36,09;99;70,87
"1970-01-01 00:00:00";;36,54;99;70,73
"1970-01-01 00:00:00";;36,97;98;71,2
"1970-01-01 00:00:00";;36,97;98;70,67
"1970-01-01 00:00:00";;36,97;99;70,47
"1970-01-01 00:00:00";;36,96;99;70,6
"1970-01-01 00:00:00";;36,95;99;70,8
"1970-01-01 00:00:00";;36,93;99;71,6
"1970-01-01 00:00:00";;37;99,5;71,33
"1970-01-01 00:00:00";;37,07;100;69,93
"1970-01-01 00:00:00";;37,31;100;69,4
"1970-01-01 00:00:00";;37,66;100;68,93
"1970-01-01 00:00:00";;37,94;100;67,87
"1970-01-01 00:00:00";;37,97;100;67,93
"1970-01-01 00:00:00";;37,99;100;67,53
"1970-01-01 00:00:00";;38,13;100;67,4
"1970-01-01 00:00:00";;38,31;100;68,07
"1970-01-01 00:00:00";;38,04;100;67,73
"1970-01-01 00:00:00";;37,73;100;67,67
"1970-01-01 00:00:00";;37,71;100;67,47
"1970-01-01 00:00:00";;37,67;100;67
"1970-01-01 00:00:00";;37,54;100;67,8
"1970-01-01 00:00:00";;37,46;100;66,53
"1970-01-01 00:00:00";;37,45;100;66,07
"1970-01-01 00:00:00";;37,43;100;67,33
"1970-01-01 00:00:00";;37,42;100;67,73
"1970-01-01 00:00:00";;37,4;100;68,67
"1970-01-01 00:00:00";;37,31;101;69,47
"1970-01-01 00:00:00";;37,19;101;70,07
"1970-01-01 00:00:00";;37,13;101;70,13
"1970-01-01 00:00:00";;37,13;101;69,67
"1970-01-01 00:00:00";;37,22;102;68,87
"1970-01-01 00:00:00";;37,25;103;69,27
"1970-01-01 00:00:00";;37,22;102;69,6
"1970-01-01 00:00:00";;37,21;102;69,8
"1970-01-01 00:00:00";;37,26;102;69,73
"1970-01-01 00:00:00";;37,31;101;68,93
"1970-01-01 00:00:00";;37,37;102;69,8
"1970-01-01 00:00:00";;37,54;102;70,07
"1970-01-01 00:00:00";;37,72;102;69,2
"1970-01-01 00:00:00";;37,86;103;69,6
"1970-01-01 00:00:00";;37,96;104;68,93
"1970-01-01 00:00:00";;38,09;103,5;68,8
"1970-01-01 00:00:00";;38,26;103;68,87
"1970-01-01 00:00:00";;38,3;102;68,73
"1970-01-01 00:00:00";;38,24;101;68,6
"1970-01-01 00:00:00";;38,2;101;69,07
"1970-01-01 00:00:00";;38,2;101;68
"1970-01-01 00:00:00";;38,2;100;68,67
"1970-01-01 00:00:00";;38;100;68,4
"1970-01-01 00:00:00";;37,8;100;69,2
"1970-01-01 00:00:00";;37,49;100;69,67
"1970-01-01 00:00:00";;36,95;101;69,4
"1970-01-01 00:00:00";;36,4;101;69,2
"1970-01-01 00:00:00";;36,3;101;68,87
"1970-01-01 00:00:00";;36,27;101;68,53
"1970-01-01 00:00:00";;36,21;101;69,53
"1970-01-01 00:00:00";;36,15;101;68,67
"1970-01-01 00:00:00";;35,39;102;69
"1970-01-01 00:00:00";;34,47;102;68,27
"1970-01-01 00:00:00";;34,37;102;68,73
"1970-01-01 00:00:00";;34,73;103;69,13
"1970-01-01 00:00:00";;34,95;103;69,93
"1970-01-01 00:00:00";;35,14;103;68,93
"1970-01-01 00:00:00";;35,24;103;69,93
"1970-01-01 00:00:00";;34,74;103;68,73
"1970-01-01 00:00:00";;34,24;102;67,8
"1970-01-01 00:00:00";;33,73;102;68,13
"1970-01-01 00:00:00";;33,54;102;69,13
"1970-01-01 00:00:00";;33,42;102;69,67
"1970-01-01 00:00:00";;33,21;102;69,07
"1970-01-01 00:00:00";;32,67;102;67,6
"1970-01-01 00:00:00";;32,17;103;68,53
"1970-01-01 00:00:00";;31,95;103;67,2
"1970-01-01 00:00:00";;31,73;104;68,67
"1970-01-01 00:00:00";;31,61;104;67,87
"1970-01-01 00:00:00";;31,5;105;67,47
"1970-01-01 00:00:00";;31,13;106;67,47
"1970-01-01 00:00:00";;30,75;106;68,27
"1970-01-01 00:00:00";;30,43;106;67,07
"1970-01-01 00:00:00";;30,13;106;67,33
"1970-01-01 00:00:00";;29,89;105;68,2
"1970-01-01 00:00:00";;29,71;105;67,27
"1970-01-01 00:00:00";;29,56;105;66,4
"1970-01-01 00:00:00";;29,46;104;66,6
"1970-01-01 00:00:00";;29,37;104;67,6
"1970-01-01 00:00:00";;29,44;103,5;68,27
"1970-01-01 00:00:00";;29,5;103;67,67
"1970-01-01 00:00:00";;29,53;103;67,87
"1970-01-01 00:00:00";;29,51;103;67,13
"1970-01-01 00:00:00";;29,47;103;67,8
"1970-01-01 00:00:00";;29,41;103;68,53
"1970-01-01 00:00:00";;29,39;103;68,2
"1970-01-01 00:00:00";;29,45;103;67,87
"1970-01-01 00:00:00";;29,5;103;68,4
"1970-01-01 00:00:00";;29,51;103;68,13
"1970-01-01 00:00:00";;29,53;103;67,47
"1970-01-01 00:00:00";;29,53;103;68,07
"1970-01-01 00:00:00";;29,53;103;68,6
"1970-01-01 00:00:00";;29,5;103;69
"1970-01-01 00:00:00";;29,43;103;67,8
"1970-01-01 00:00:00";;29,4;103;67,4
"1970-01-01 00:00:00";;29,57;102;67,8
"1970-01-01 00:00:00";;29,69;102;68,6
"1970-01-01 00:00:00";;29,65;102;68,13
"1970-01-01 00:00:00";;29,61;102;68,47
"1970-01-01 00:00:00";;29,48;102;67,47
"1970-01-01 00:00:00";;29,34;101;67,87
"1970-01-01 00:00:00";;29,21;101;68,13
"1970-01-01 00:00:00";;29,14;101;67,33
"1970-01-01 00:00:00";;29,03;100;68,47
"1970-01-01 00:00:00";;28,62;100;69
"1970-01-01 00:00:00";;28,22;100;68,87
"1970-01-01 00:00:00";;28,25;100;69,73
"1970-01-01 00:00:00";;28,34;100;69,13
"1970-01-01 00:00:00";;28,52;99;70,27
"1970-01-01 00:00:00";;28,87;99;70
"1970-01-01 00:00:00";;29,18;99;70,53
"1970-01-01 00:00:00";;29,27;99;69,93
"1970-01-01 00:00:00";;29,36;99;70,53
"1970-01-01 00:00:00";;29,54;99;70,87
"1970-01-01 00:00:00";;29,82;99;71,73
"1970-01-01 00:00:00";;30,04;99;71,6
"1970-01-01 00:00:00";;29,73;99;70,93
"1970-01-01 00:00:00";;29,43;100;72
"1970-01-01 00:00:00";;29,42;100;71,2
"1970-01-01 00:00:00";;29,4;100;71,4
"1970-01-01 00:00:00";;29,61;100;72,8
"1970-01-01 00:00:00";;29,9;100;72
"1970-01-01 00:00:00";;30,1;100;70,93
"1970-01-01 00:00:00";;30,23;100;70,87
"1970-01-01 00:00:00";;30,33;100;70,8
"1970-01-01 00:00:00";;30,32;100;69,93
"1970-01-01 00:00:00";;30,3;100;70,53
"1970-01-01 00:00:00";;30,23;101;71,87
"1970-01-01 00:00:00";;30,13;101;70,87
"1970-01-01 00:00:00";;30,01;101;70,87
"1970-01-01 00:00:00";;29,88;100;71,27
"1970-01-01 00:00:00";;29,8;100;71,4
"1970-01-01 00:00:00";;30,15;100;71,33
"1970-01-01 00:00:00";;30,51;100;70,93
"1970-01-01 00:00:00";;31,37;100;70,47
"1970-01-01 00:00:00";;32,52;101;69
"1970-01-01 00:00:00";;32,86;101;68,67
"1970-01-01 00:00:00";;33,06;101;70,13
"1970-01-01 00:00:00";;33,18;101,5;69,8
"1970-01-01 00:00:00";;33,19;102;70,6
"1970-01-01 00:00:00";;33,01;102;71,53
"1970-01-01 00:00:00";;32,84;102;71,07
"1970-01-01 00:00:00";;33;102;70,07
"1970-01-01 00:00:00";;33,17;102;70,6
"1970-01-01 00:00:00";;33,34;101;70
"1970-01-01 00:00:00";;33,51;101;69,33
"1970-01-01 00:00:00";;33,68;101;69,73
"1970-01-01 00:00:00";;33,73;101;69,13
"1970-01-01 00:00:00";;33,75;101;69,47
"1970-01-01 00:00:00";;33,74;101;68,2
"1970-01-01 00:00:00";;33,7;101;69,13
"1970-01-01 00:00:00";;33,77;102;69,4
"1970-01-01 00:00:00";;34,06;102;69,33
"1970-01-01 00:00:00";;34,37;101;69,53
"1970-01-01 00:00:00";;34,75;101;68,67
"1970-01-01 00:00:00";;34,97;101;68,73
"1970-01-01 00:00:00";;35,12;101;69,8
"1970-01-01 00:00:00";;35,26;101;70,27
"1970-01-01 00:00:00";;35,35;101;70,8
"1970-01-01 00:00:00";;35,43;101;71,27
"1970-01-01 00:00:00";;35,5;101;72,73
"1970-01-01 00:00:00";;35,67;101;71,67
"1970-01-01 00:00:00";;35,85;100;72,07
"1970-01-01 00:00:00";;35,97;100;72,13
"1970-01-01 00:00:00";;35,98;100;73
"1970-01-01 00:00:00";;36;101;71,87
"1970-01-01 00:00:00";;36,16;101;72,6
"1970-01-01 00:00:00";;36,38;101;72,87
"1970-01-01 00:00:00";;36,53;102;72,8
"1970-01-01 00:00:00";;36,67;102;73,6
"1970-01-01 00:00:00";;36,65;102;73,27
"1970-01-01 00:00:00";;36,63;102;73,07
"1970-01-01 00:00:00";;36,61;102;73,07
"1970-01-01 00:00:00";;36,72;102;72,8
"1970-01-01 00:00:00";;37,07;102;73,47
"1970-01-01 00:00:00";;37,3;103;68
"1970-01-01 00:00:00";;37,17;104;65,73
"1970-01-01 00:00:00";;37,05;104;63
"1970-01-01 00:00:00";;36,89;105;61,8
"1970-01-01 00:00:00";;36,72;105;61
"1970-01-01 00:00:00";;36,55;106;61,33
"1970-01-01 00:00:00";;36,41;107;60,67
"1970-01-01 00:00:00";;36,24;108;60,13
"1970-01-01 00:00:00";;35,97;109;60,27
"1970-01-01 00:00:00";;35,71;110;60
"1970-01-01 00:00:00";;35,67;112;59,6
"1970-01-01 00:00:00";;35,63;112;58,87
"1970-01-01 00:00:00";;35,61;112;58,27
"1970-01-01 00:00:00";;35,68;111;57,73
"1970-01-01 00:00:00";;35,75;111;56,87
"1970-01-01 00:00:00";;35,64;110;61,27
"1970-01-01 00:00:00";;35,49;109;64,4
"1970-01-01 00:00:00";;35,35;109;67
"1970-01-01 00:00:00";;35,21;108;68,4
"1970-01-01 00:00:00";;35,08;108;69,33
"1970-01-01 00:00:00";;34,99;108;69,33
"1970-01-01 00:00:00";;34,98;108;69,27
"1970-01-01 00:00:00";;34,97;108;69,27
"1970-01-01 00:00:00";;35,1;108;69,27
"1970-01-01 00:00:00";;35,28;108;69,33
"1970-01-01 00:00:00";;35,4;108;69,4
"1970-01-01 00:00:00";;35,38;107;69,47
"1970-01-01 00:00:00";;35,35;107;69,53
"1970-01-01 00:00:00";;34,89;106;69,53
"1970-01-01 00:00:00";;34,44;106;69,53
"1970-01-01 00:00:00";;33,67;105,5;69,53
"1970-01-01 00:00:00";;32,88;105;69,53
"1970-01-01 00:00:00";;32,34;105;69,53
"1970-01-01 00:00:00";;32,14;105;69,53
"1970-01-01 00:00:00";;32,09;105;69,47
"1970-01-01 00:00:00";;32,35;105;69,47
"1970-01-01 00:00:00";;32,63;105;69,47
"1970-01-01 00:00:00";;32,94;104;69,47
"1970-01-01 00:00:00";;33,23;104;69,53
"1970-01-01 00:00:00";;33,12;103;69,47
"1970-01-01 00:00:00";;33,01;103;69,47
"1970-01-01 00:00:00";;32,88;103;69,47
"1970-01-01 00:00:00";;32,72;102;69,47
"1970-01-01 00:00:00";;32,59;102;69,53
"1970-01-01 00:00:00";;32,55;102;69,53
"1970-01-01 00:00:00";;32,52;102;69,47
"1970-01-01 00:00:00";;32,51;102;69,53
"1970-01-01 00:00:00";;32,53;102;69,6
"1970-01-01 00:00:00";;32,55;102;69,6
"1970-01-01 00:00:00";;32,57;102;69,6
"1970-01-01 00:00:00";;32,57;102;69,6
"1970-01-01 00:00:00";;32,57;102;69,67
"1970-01-01 00:00:00";;32,32;102;69,67
"1970-01-01 00:00:00";;32;102;69,67
"1970-01-01 00:00:00";;31,81;101;69,67
"1970-01-01 00:00:00";;31,62;101;69,67
"1970-01-01 00:00:00";;31,52;101;69,6
"1970-01-01 00:00:00";;31,58;102;69,6
"1970-01-01 00:00:00";;31,63;104;69,6
"1970-01-01 00:00:00";;31,58;105;69,6
"1970-01-01 00:00:00";;31,54;105;69,67
"1970-01-01 00:00:00";;31,46;105;69,67
"1970-01-01 00:00:00";;31,38;105;69,6
"1970-01-01 00:00:00";;31,25;104;69,53
"1970-01-01 00:00:00";;31,03;104;69,6
"1970-01-01 00:00:00";;30,8;104;69,67
"1970-01-01 00:00:00";;30,7;103;69,6
"1970-01-01 00:00:00";;30,61;103;69,67
"1970-01-01 00:00:00";;30,57;103;69,6
"1970-01-01 00:00:00";;30,57;103,5;69,67
"1970-01-01 00:00:00";;30,67;104;69,6
"1970-01-01 00:00:00";;30,8;104;69,6
"1970-01-01 00:00:00";;30,76;104;69,6
"1970-01-01 00:00:00";;30,72;103;69,6
"1970-01-01 00:00:00";;30,71;102,5;69,6
"1970-01-01 00:00:00";;30,72;102;69,6
"1970-01-01 00:00:00";;30,77;102;69,6
"1970-01-01 00:00:00";;31,03;102;69,6
"1970-01-01 00:00:00";;31,29;102;69,6
"1970-01-01 00:00:00";;31,51;102;69,53
"1970-01-01 00:00:00";;31,72;102;69,47
"1970-01-01 00:00:00";;31,93;102;69,47
"1970-01-01 00:00:00";;32,14;102;69,47
"1970-01-01 00:00:00";;32,34;101;69,47
"1970-01-01 00:00:00";;32,49;101;69,47
"1970-01-01 00:00:00";;32,59;101;69,53
"1970-01-01 00:00:00";;32,68;100;69,6
"1970-01-01 00:00:00";;32,75;100;69,53
"1970-01-01 00:00:00";;32,84;100;69,47
"1970-01-01 00:00:00";;33;100;69,47
"1970-01-01 00:00:00";;33,16;100;69,4
"1970-01-01 00:00:00";;33,37;100;69,4
"1970-01-01 00:00:00";;33,6;101;69,47
"1970-01-01 00:00:00";;33,68;101;69,47
"1970-01-01 00:00:00";;33,55;101;69,53
"1970-01-01 00:00:00";;33,49;102;69,53
"1970-01-01 00:00:00";;33,81;103;69,6
"1970-01-01 00:00:00";;34,14;102;69,53
"1970-01-01 00:00:00";;34,54;102;69,6
"1970-01-01 00:00:00";;35,04;102;69,6
"1970-01-01 00:00:00";;35,55;102;69,6
"1970-01-01 00:00:00";;35,7;102;69,53
"1970-01-01 00:00:00";;35,85;101;69,6
"1970-01-01 00:00:00";;35,96;101;69,6
"1970-01-01 00:00:00";;35,95;101;69,53
"1970-01-01 00:00:00";;35,94;101;69,6
"1970-01-01 00:00:00";;35,84;100;69,6
"1970-01-01 00:00:00";;35,68;100;69,6
"1970-01-01 00:00:00";;35,55;100;69,67
"1970-01-01 00:00:00";;35,48;99;69,6
"1970-01-01 00:00:00";;35,42;99;69,6
"1970-01-01 00:00:00";;35,39;99;69,6
"1970-01-01 00:00:00";;35,46;99;69,67
"1970-01-01 00:00:00";;35,61;100;69,6
"1970-01-01 00:00:00";;35,87;100;69,6
"1970-01-01 00:00:00";;36,15;100;69,6
"1970-01-01 00:00:00";;36,55;100;69,6
"1970-01-01 00:00:00";;36,95;100;69,6
"1970-01-01 00:00:00";;37,12;100;69,67
"1970-01-01 00:00:00";;37,24;101;69,73
"1970-01-01 00:00:00";;37,27;102;69,67
"1970-01-01 00:00:00";;37,34;102;69,6
"1970-01-01 00:00:00";;37,61;104;69,6
"1970-01-01 00:00:00";;37,89;104;69,53
"1970-01-01 00:00:00";;38,18;104;69,6
"1970-01-01 00:00:00";;38,37;103;69,67
"1970-01-01 00:00:00";;38,43;102,5;69,6
"1970-01-01 00:00:00";;38,53;102;69,6
"1970-01-01 00:00:00";;38,65;102;69,67
"1970-01-01 00:00:00";;38,79;102;69,67
"1970-01-01 00:00:00";;38,96;101;69,67
"1970-01-01 00:00:00";;39,15;101;69,67
"1970-01-01 00:00:00";;39,45;101;69,67
"1970-01-01 00:00:00";;39,74;101;69,67
"1970-01-01 00:00:00";;39,86;101;69,6
"1970-01-01 00:00:00";;40;101;69,67
"1970-01-01 00:00:00";;40,28;102;69,73
"1970-01-01 00:00:00";;40,56;102;69,73
"1970-01-01 00:00:00";;40,86;102;69,8
"1970-01-01 00:00:00";;41,19;102;69,8
"1970-01-01 00:00:00";;42,53;102;69,73
"1970-01-01 00:00:00";;44,96;102;69,8
"1970-01-01 00:00:00";;45,71;103;69,8
"1970-01-01 00:00:00";;45,68;103;69,73
"1970-01-01 00:00:00";;45,6;103;69,73
"1970-01-01 00:00:00";;45,49;104;69,73
"1970-01-01 00:00:00";;45,38;104;69,8
"1970-01-01 00:00:00";;45,2;104;69,73
"1970-01-01 00:00:00";;45;104;69,67
"1970-01-01 00:00:00";;44,9;104;69,73
"1970-01-01 00:00:00";;44,91;104;69,73
"1970-01-01 00:00:00";;44,98;104;69,67
"1970-01-01 00:00:00";;44,77;104;69,6
"1970-01-01 00:00:00";;44,46;104;69,6
"1970-01-01 00:00:00";;44,21;104;69,53
"1970-01-01 00:00:00";;44,02;105;69,53
"1970-01-01 00:00:00";;43,82;105;69,47
"1970-01-01 00:00:00";;43,6;105;69,47
"1970-01-01 00:00:00";;43,41;105;69,53
"1970-01-01 00:00:00";;43,58;105;69,47
"1970-01-01 00:00:00";;43,75;104;69,4
"1970-01-01 00:00:00";;43,65;105;69,33
"1970-01-01 00:00:00";;43,43;104;69,4
"1970-01-01 00:00:00";;43,17;105;69,4
"1970-01-01 00:00:00";;42,88;105;69,33
"1970-01-01 00:00:00";;42,7;105;69,33
"1970-01-01 00:00:00";;42,7;105;69,33
"1970-01-01 00:00:00";;42,7;104;69,33
"1970-01-01 00:00:00";;42,65;104;69,33
"1970-01-01 00:00:00";;42,55;104;69,33
"1970-01-01 00:00:00";;42,62;104;69,4
"1970-01-01 00:00:00";;42,87;104;69,4
"1970-01-01 00:00:00";;43,01;104;69,33
"1970-01-01 00:00:00";;43,02;104;69,33
"1970-01-01 00:00:00";;43,04;104;69,33
"1970-01-01 00:00:00";;43,05;104;69,4
"1970-01-01 00:00:00";;43,08;104;69,47
"1970-01-01 00:00:00";;43,16;104;69,4
"1970-01-01 00:00:00";;43,24;105;69,47
"1970-01-01 00:00:00";;43,3;106;69,47
"1970-01-01 00:00:00";;43,36;106;69,47
"1970-01-01 00:00:00";;43,39;106;69,53
"1970-01-01 00:00:00";;43,36;107;70,87
"1970-01-01 00:00:00";;43,32;107;72,2
"1970-01-01 00:00:00";;43,13;107;73,6
"1970-01-01 00:00:00";;42,95;107;74,87
"1970-01-01 00:00:00";;42,81;106;76,27
"1970-01-01 00:00:00";;42,67;106;77,6
"1970-01-01 00:00:00";;42,53;105;78,87
"1970-01-01 00:00:00";;42,39;105;80,2
"1970-01-01 00:00:00";;42,17;105;81,53
"1970-01-01 00:00:00";;41,92;105;82,8
"1970-01-01 00:00:00";;41,72;105;84,2
"1970-01-01 00:00:00";;41,54;106;85,47
"1970-01-01 00:00:00";;41,34;106;86,87
"1970-01-01 00:00:00";;41,14;106;88,2
"1970-01-01 00:00:00";;40,93;107;89,47
"1970-01-01 00:00:00";;40,71;107;89,47
"1970-01-01 00:00:00";;40,63;106;89,47
"1970-01-01 00:00:00";;40,69;106;89,47
"1970-01-01 00:00:00";;40,7;106;89,47
"1970-01-01 00:00:00";;40,58;106;89,4
"1970-01-01 00:00:00";;40,52;106;89,47
"1970-01-01 00:00:00";;40,58;105;89,47
"1970-01-01 00:00:00";;40,62;105;89,53
"1970-01-01 00:00:00";;40,41;104;89,47
"1970-01-01 00:00:00";;40,19;104;89,53
"1970-01-01 00:00:00";;39,93;104;89,53
"1970-01-01 00:00:00";;39,52;103;89,6
"1970-01-01 00:00:00";;39,1;103;89,53
"1970-01-01 00:00:00";;37,42;103;89,47
"1970-01-01 00:00:00";;35,63;103;89,47
"1970-01-01 00:00:00";;34,75;102;89,47
"1970-01-01 00:00:00";;34,86;102;89,47
"1970-01-01 00:00:00";;35,06;101;89,47
"1970-01-01 00:00:00";;35,32;100;89,53
"1970-01-01 00:00:00";;35,35;101;89,53
"1970-01-01 00:00:00";;35,37;101;89,53
"1970-01-01 00:00:00";;35,42;102;89,53
"1970-01-01 00:00:00";;35,46;102;89,47
"1970-01-01 00:00:00";;35,49;103;89,47
"1970-01-01 00:00:00";;35,45;104;89,47
"1970-01-01 00:00:00";;35,42;106;89,4
"1970-01-01 00:00:00";;35,54;106;89,4
"1970-01-01 00:00:00";;35,85;107;89,4
"1970-01-01 00:00:00";;36,17;108;89,47
"1970-01-01 00:00:00";;36,29;108;89,53
"1970-01-01 00:00:00";;36,41;108;89,6
"1970-01-01 00:00:00";;36,49;108;89,6
"1970-01-01 00:00:00";;36,52;108;89,53
"1970-01-01 00:00:00";;36,56;108;89,47
"1970-01-01 00:00:00";;36,64;108;89,53
"1970-01-01 00:00:00";;36,74;108;89,47
"1970-01-01 00:00:00";;36,86;109;89,47
"1970-01-01 00:00:00";;37;109;89,53
"1970-01-01 00:00:00";;37,03;110;89,53
"1970-01-01 00:00:00";;36,96;110;89,53
"1970-01-01 00:00:00";;36,9;111;89,53
"1970-01-01 00:00:00";;36,87;111;89,47
"1970-01-01 00:00:00";;36,84;111;89,47
"1970-01-01 00:00:00";;36,9;111;89,47
"1970-01-01 00:00:00";;36,99;111;89,4
"1970-01-01 00:00:00";;36,99;111;89,4
"1970-01-01 00:00:00";;36,91;110;89,33
"1970-01-01 00:00:00";;36,84;110;89,4
"1970-01-01 00:00:00";;36,89;109;89,4
"1970-01-01 00:00:00";;36,95;108;89,33
"1970-01-01 00:00:00";;36,89;108;89,33
"1970-01-01 00:00:00";;36,78;107;89,4
"1970-01-01 00:00:00";;36,59;107;89,33
"1970-01-01 00:00:00";;36,35;107;89,4
"1970-01-01 00:00:00";;36,09;107;89,4
"1970-01-01 00:00:00";;35,84;107;89,4
"1970-01-01 00:00:00";;35,58;107;89,47
"1970-01-01 00:00:00";;35,62;108;89,53
"1970-01-01 00:00:00";;35,68;108;89,47
"1970-01-01 00:00:00";;35,82;108;89,53
"1970-01-01 00:00:00";;36,04;108;89,53
"1970-01-01 00:00:00";;36,21;108;89,53
"1970-01-01 00:00:00";;36,26;108;89,47
"1970-01-01 00:00:00";;36,3;108;89,53
"1970-01-01 00:00:00";;36,3;107;89,6
"1970-01-01 00:00:00";;36,3;107;89,67
"1970-01-01 00:00:00";;36,42;106;89,67
"1970-01-01 00:00:00";;36,57;106;89,67
"1970-01-01 00:00:00";;36,63;106;89,67
"1970-01-01 00:00:00";;36,55;106;89,6
"1970-01-01 00:00:00";;36,46;106;89,67
"1970-01-01 00:00:00";;36,41;106;89,67
"1970-01-01 00:00:00";;36,37;106;89,6
"1970-01-01 00:00:00";;36,43;105;89,67
"1970-01-01 00:00:00";;36,49;105;89,6
"1970-01-01 00:00:00";;36,48;106;89,53
"1970-01-01 00:00:00";;36,45;106;89,6
"1970-01-01 00:00:00";;36,41;106;89,67
"1970-01-01 00:00:00";;36,35;107;89,67
"1970-01-01 00:00:00";;36,29;108;89,67
"1970-01-01 00:00:00";;36,21;109;89,6
"1970-01-01 00:00:00";;36,14;110;89,6
"1970-01-01 00:00:00";;36,11;111;89,67
"1970-01-01 00:00:00";;36,08;112;89,6
"1970-01-01 00:00:00";;36,02;112;89,6
"1970-01-01 00:00:00";;35,96;113;89,6
"1970-01-01 00:00:00";;35,91;113;89,53
"1970-01-01 00:00:00";;35,86;114;89,6
"1970-01-01 00:00:00";;36,04;113;89,53
"1970-01-01 00:00:00";;36,51;113;89,53
"1970-01-01 00:00:00";;36,98;112;89,6
"1970-01-01 00:00:00";;37,31;111;89,53
"1970-01-01 00:00:00";;37,64;111;89,53
"1970-01-01 00:00:00";;38,08;110;89,47
"1970-01-01 00:00:00";;38,6;109;89,4
"1970-01-01 00:00:00";;39,33;109;89,47
"1970-01-01 00:00:00";;40,13;109;89,4
"1970-01-01 00:00:00";;40,59;108;89,4
"1970-01-01 00:00:00";;40,48;108;89,4
"1970-01-01 00:00:00";;40,38;108;89,4
"1970-01-01 00:00:00";;40,7;108;89,4
"1970-01-01 00:00:00";;41,02;108;89,4
"1970-01-01 00:00:00";;41,33;108;89,4
"1970-01-01 00:00:00";;41,64;108;89,4
"1970-01-01 00:00:00";;41,76;108;89,47
"1970-01-01 00:00:00";;41,66;108;89,4
"1970-01-01 00:00:00";;41,52;108;89,47
"1970-01-01 00:00:00";;41,25;108;89,4
"1970-01-01 00:00:00";;41,04;107;89,47
"1970-01-01 00:00:00";;41,06;108;89,53
"1970-01-01 00:00:00";;41,09;108;89,47
"1970-01-01 00:00:00";;41,69;108;89,53
"1970-01-01 00:00:00";;42,82;108;89,53
"1970-01-01 00:00:00";;43,87;108;89,53
"1970-01-01 00:00:00";;44,49;108;89,6
"1970-01-01 00:00:00";;45,11;107;89,53
"1970-01-01 00:00:00";;45,28;107;89,6
"1970-01-01 00:00:00";;45,34;107;89,6
"1970-01-01 00:00:00";;45,4;106;89,6
"1970-01-01 00:00:00";;45,47;106;89,6
"1970-01-01 00:00:00";;45,56;105;89,67
"1970-01-01 00:00:00";;45,46;105;89,6
"1970-01-01 00:00:00";;45,34;106;89,67
"1970-01-01 00:00:00";;45,23;106;89,67
"1970-01-01 00:00:00";;45,21;106;89,6
"1970-01-01 00:00:00";;45,23;108;89,67
"1970-01-01 00:00:00";;45,25;108;89,6
"1970-01-01 00:00:00";;45,29;110;89,53
"1970-01-01 00:00:00";;45,23;111;89,53
"1970-01-01 00:00:00";;45,12;111;89,53
"1970-01-01 00:00:00";;45,29;111;89,6
"1970-01-01 00:00:00";;45,35;111;89,53
"1970-01-01 00:00:00";;45,32;112;89,53
"1970-01-01 00:00:00";;45,25;113;89,53
"1970-01-01 00:00:00";;45,14;113;89,47
"1970-01-01 00:00:00";;45,19;113;89,47
"1970-01-01 00:00:00";;45,33;112;89,47
"1970-01-01 00:00:00";;45,2;112;89,47
"1970-01-01 00:00:00";;44,96;112;89,4
"1970-01-01 00:00:00";;44,74;113;89,47
"1970-01-01 00:00:00";;44,54;113;89,4
"1970-01-01 00:00:00";;44,34;115;89,47
"1970-01-01 00:00:00";;44,24;117;89,53
"1970-01-01 00:00:00";;44,15;117;89,6
"1970-01-01 00:00:00";;44,12;116;89,6
"1970-01-01 00:00:00";;44,15;114;89,6
"1970-01-01 00:00:00";;44,2;112;89,6
"1970-01-01 00:00:00";;44,26;111;89,6
"1970-01-01 00:00:00";;44,32;109;89,67
"1970-01-01 00:00:00";;44,39;108;89,67
"1970-01-01 00:00:00";;44,53;107;89,6
"1970-01-01 00:00:00";;44,67;107;89,6
"1970-01-01 00:00:00";;44,76;107;89,6
"1970-01-01 00:00:00";;44,74;107;89,6
"1970-01-01 00:00:00";;44,72;107;89,6
"1970-01-01 00:00:00";;44,68;107;89,67
"1970-01-01 00:00:00";;44,61;108;89,67
"1970-01-01 00:00:00";;44,54;108;89,6
"1970-01-01 00:00:00";;44,24;109;89,53
"1970-01-01 00:00:00";;43,9;110;89,53
"1970-01-01 00:00:00";;43,6;109;89,47
"1970-01-01 00:00:00";;43,35;110;89,53
"1970-01-01 00:00:00";;43,07;110;89,47
"1970-01-01 00:00:00";;42,65;110;89,47
"1970-01-01 00:00:00";;42,23;110;89,47
"1970-01-01 00:00:00";;41,26;110;90,6
"1970-01-01 00:00:01";;40,29;109;92
"1970-01-01 00:00:01";;40,12;109;93,27
"1970-01-01 00:00:01";;40,15;109;94,67
"1970-01-01 00:00:01";;39,97;109;95,93
"1970-01-01 00:00:01";;39,63;109;97,27
"1970-01-01 00:00:01";;39,26;108;98,6
"1970-01-01 00:00:01";;38,78;108;99,93
"1970-01-01 00:00:01";;38,31;108;101,3
"1970-01-01 00:00:01";;38,2;108;102,6
"1970-01-01 00:00:01";;38,15;108;104
"1970-01-01 00:00:01";;38,19;108;105,3
"1970-01-01 00:00:01";;38,27;108;106,6
"1970-01-01 00:00:01";;38,37;107;107,9
"1970-01-01 00:00:01";;38,53;108;109,2
"1970-01-01 00:00:01";;38,7;107;109,5
"1970-01-01 00:00:01";;38,27;108;109,5
"1970-01-01 00:00:01";;37,4;107;109,5
"1970-01-01 00:00:01";;36,52;107;109,5
"1970-01-01 00:00:01";;35,74;107;109,5
"1970-01-01 00:00:01";;35,02;107;109,4
"1970-01-01 00:00:01";;34,3;107;109,4
"1970-01-01 00:00:01";;34,18;107;109,5
"1970-01-01 00:00:01";;34,07;107;109,4
"1970-01-01 00:00:01";;34,08;107;109,5
"1970-01-01 00:00:01";;34,1;108;109,4
"1970-01-01 00:00:01";;34,26;109;109,5
"1970-01-01 00:00:01";;34,43;108;109,5
"1970-01-01 00:00:01";;34,57;108;109,5
"1970-01-01 00:00:01";;34,67;108;109,5
"1970-01-01 00:00:01";;34,79;108;109,5
"1970-01-01 00:00:01";;34,97;109;109,5
"1970-01-01 00:00:01";;35,15;109;109,5
"1970-01-01 00:00:01";;35,24;110;109,5
"1970-01-01 00:00:01";;35,33;110;109,5
"1970-01-01 00:00:01";;35,33;110;109,5
"1970-01-01 00:00:01";;35,33;109;109,5
"1970-01-01 00:00:01";;35,29;109;109,5
"1970-01-01 00:00:01";;35,23;109;109,5
"1970-01-01 00:00:01";;35,24;108;109,4
"1970-01-01 00:00:01";;35,35;108;109,4
"1970-01-01 00:00:01";;35,46;107;109,4
"1970-01-01 00:00:01";;35,63;108;109,4
"1970-01-01 00:00:01";;35,81;107;109,4
"1970-01-01 00:00:01";;35,97;108;109,4
"1970-01-01 00:00:01";;36,12;108;109,3
"1970-01-01 00:00:01";;36,3;108;109,3
"1970-01-01 00:00:01";;36,55;109;109,3
"1970-01-01 00:00:01";;36,79;109;109,3
"1970-01-01 00:00:01";;36,97;110;109,3
"1970-01-01 00:00:01";;37,14;110;109,4
"1970-01-01 00:00:01";;37,21;111;109,4
"1970-01-01 00:00:01";;37,22;111;109,3
"1970-01-01 00:00:01";;37,24;112;109,3
"1970-01-01 00:00:01";;37,25;112;109,4
"1970-01-01 00:00:01";;37,26;113;109,4
"1970-01-01 00:00:01";;37,3;113;109,4
"1970-01-01 00:00:01";;37,35;112;109,4
"1970-01-01 00:00:01";;37,65;112;109,4
"1970-01-01 00:00:01";;38,2;111;109,5
"1970-01-01 00:00:01";;38,63;112;109,5
"1970-01-01 00:00:01";;38,82;111;109,5
"1970-01-01 00:00:01";;39;111;109,5
"1970-01-01 00:00:01";;38,89;111;109,5
"1970-01-01 00:00:01";;38,78;111;109,6
"1970-01-01 00:00:01";;38,61;112;109,6
"1970-01-01 00:00:01";;38,41;112;109,5
"1970-01-01 00:00:01";;38,34;113;109,5
"1970-01-01 00:00:01";;38,31;114;109,6
"1970-01-01 00:00:01";;38,27;115;109,5
"1970-01-01 00:00:01";;38,21;115;109,6
"1970-01-01 00:00:01";;38,15;116;109,6
"1970-01-01 00:00:01";;38,29;116;109,6
"1970-01-01 00:00:01";;38,49;117;109,5
"1970-01-01 00:00:01";;38,68;117;109,5
"1970-01-01 00:00:01";;38,84;117;109,5
"1970-01-01 00:00:01";;38,95;117;109,5
"1970-01-01 00:00:01";;38,89;117;109,5
"1970-01-01 00:00:01";;38,83;118;109,5
"1970-01-01 00:00:01";;38,88;119;109,5
"1970-01-01 00:00:01";;38,92;119;109,5
"1970-01-01 00:00:01";;38,97;120;109,5
"1970-01-01 00:00:01";;39,02;120;109,5
"1970-01-01 00:00:01";;39,06;121;109,5
"1970-01-01 00:00:01";;38,88;120;109,5
"1970-01-01 00:00:01";;38,7;121;109,4
"1970-01-01 00:00:01";;38,76;120;109,4
"1970-01-01 00:00:01";;38,82;120;109,4
"1970-01-01 00:00:01";;39,01;120;109,5
"1970-01-01 00:00:01";;39,26;119;109,4
"1970-01-01 00:00:01";;39,38;120;109,4
"1970-01-01 00:00:01";;39,48;120;109,5
"1970-01-01 00:00:01";;39,29;120;109,5
"1970-01-01 00:00:01";;39,06;119;109,5
"1970-01-01 00:00:01";;39,01;119;109,5
"1970-01-01 00:00:01";;38,95;119;109,5
"1970-01-01 00:00:01";;38,94;118;109,5
"1970-01-01 00:00:01";;38,96;117;109,5
"1970-01-01 00:00:01";;38,97;117;109,4
"1970-01-01 00:00:01";;38,97;116;109,5
"1970-01-01 00:00:01";;38,92;116;109,5
"1970-01-01 00:00:01";;38,78;116;109,5
"1970-01-01 00:00:01";;38,64;115,5;109,5
"1970-01-01 00:00:01";;38,52;115;109,5
"1970-01-01 00:00:01";;38,49;115;109,6
"1970-01-01 00:00:01";;38,68;114;109,7
"1970-01-01 00:00:01";;38,74;114;109,6
"1970-01-01 00:00:01";;38,57;114;109,6
"1970-01-01 00:00:01";;38,41;114;109,6
"1970-01-01 00:00:01";;38,25;113;109,6
"1970-01-01 00:00:01";;38,1;114;109,5
"1970-01-01 00:00:01";;38,12;113;109,6
"1970-01-01 00:00:01";;38,13;113;109,7
"1970-01-01 00:00:01";;38;113;109,7
"1970-01-01 00:00:01";;37,85;112;109,7
"1970-01-01 00:00:01";;37,79;112;109,7
"1970-01-01 00:00:01";;37,77;112;109,7
"1970-01-01 00:00:01";;37,83;112;109,7
"1970-01-01 00:00:01";;37,98;112;109,7
"1970-01-01 00:00:01";;38,11;112;109,7
"1970-01-01 00:00:01";;38,17;113;109,6
"1970-01-01 00:00:01";;38,23;113;109,6
"1970-01-01 00:00:01";;38,15;112;109,6
"1970-01-01 00:00:01";;38,05;113;109,6
"1970-01-01 00:00:01";;37,76;113;109,6
"1970-01-01 00:00:01";;37,42;113;109,6
"1970-01-01 00:00:01";;37,13;113;109,5
"1970-01-01 00:00:01";;37,12;114;109,5
"1970-01-01 00:00:01";;37,1;113;109,5
"1970-01-01 00:00:01";;37,13;113;109,5
"1970-01-01 00:00:01";;37,17;113;109,4
"1970-01-01 00:00:01";;37,42;113;109,4
"1970-01-01 00:00:01";;37,69;114;109,5
"1970-01-01 00:00:01";;37,67;114;109,4
"1970-01-01 00:00:01";;37,64;115;109,3
"1970-01-01 00:00:01";;38,09;115;109,4
"1970-01-01 00:00:01";;38,77;115;109,4
"1970-01-01 00:00:01";;39,3;115;109,4
"1970-01-01 00:00:01";;39,52;115;109,4
"1970-01-01 00:00:01";;39,73;114;109,3
"1970-01-01 00:00:01";;39,88;114;109,4
"1970-01-01 00:00:01";;40,05;114;109,5
"1970-01-01 00:00:01";;40,38;114;109,5
"1970-01-01 00:00:01";;40,7;114;109,5
"1970-01-01 00:00:01";;40,88;114;109,5
"1970-01-01 00:00:01";;41,02;114;109,5
"1970-01-01 00:00:01";;41,03;113;109,5
"1970-01-01 00:00:01";;40,99;114;109,4
"1970-01-01 00:00:01";;41,02;113;109,4
"1970-01-01 00:00:01";;41,1;113;109,4
"1970-01-01 00:00:01";;41,22;113;109,4
"1970-01-01 00:00:01";;41,37;113;109,4
"1970-01-01 00:00:01";;41,55;113;109,4
"1970-01-01 00:00:01";;41,83;113;109,5
"1970-01-01 00:00:01";;42,1;113;109,5
"1970-01-01 00:00:01";;42,36;113;109,5
"1970-01-01 00:00:01";;42,61;113;109,5
"1970-01-01 00:00:01";;42,76;114;109,5
"1970-01-01 00:00:01";;42,9;114;109,5
"1970-01-01 00:00:01";;43;114;109,5
"1970-01-01 00:00:01";;43,1;114;109,5
"1970-01-01 00:00:01";;43,12;115;109,5
"1970-01-01 00:00:01";;43,09;114;109,6
"1970-01-01 00:00:01";;42,94;114;109,6
"1970-01-01 00:00:01";;42,78;115;109,6
"1970-01-01 00:00:01";;42,68;115;109,5
"1970-01-01 00:00:01";;42,61;115;109,6
"1970-01-01 00:00:01";;42,54;115;109,5
"1970-01-01 00:00:01";;42,57;116;109,5
"1970-01-01 00:00:01";;42,71;117;109,5
"1970-01-01 00:00:01";;42,86;116;109,5
"1970-01-01 00:00:01";;42,9;117;109,5
"1970-01-01 00:00:01";;42,94;117;109,4
"1970-01-01 00:00:01";;43,01;117;109,5
"1970-01-01 00:00:01";;43,17;117;109,5
"1970-01-01 00:00:01";;43,33;118;109,5
"1970-01-01 00:00:01";;43,38;118;109,5
"1970-01-01 00:00:01";;43,42;120;109,4
"1970-01-01 00:00:01";;43,55;121;109,5
"1970-01-01 00:00:01";;43,7;122;109,5
"1970-01-01 00:00:01";;43,85;123;110,9
"1970-01-01 00:00:01";;44;124;112,2
"1970-01-01 00:00:01";;44,15;124;113,5
"1970-01-01 00:00:01";;44,24;125;114,9
"1970-01-01 00:00:01";;44,3;125;116,2
"1970-01-01 00:00:01";;44,41;125;117,5
"1970-01-01 00:00:01";;44,54;124;118,9
"1970-01-01 00:00:01";;44,67;124;120,2
"1970-01-01 00:00:01";;44,79;123;121,5
"1970-01-01 00:00:01";;44,89;123;122,8
"1970-01-01 00:00:01";;44,99;124;124,1
"1970-01-01 00:00:01";;45,07;124;125,5
"1970-01-01 00:00:01";;45,07;125;126,8
"1970-01-01 00:00:01";;45,08;125;128,1
"1970-01-01 00:00:01";;45,2;125;129,5
"1970-01-01 00:00:01";;45,32;125;129,5
"1970-01-01 00:00:01";;45,33;125;129,5
"1970-01-01 00:00:01";;45,33;124;129,5
"1970-01-01 00:00:01";;45,37;123;129,5
"1970-01-01 00:00:01";;45,43;122;129,5
"1970-01-01 00:00:01";;45,48;121;129,5
"1970-01-01 00:00:01";;45,5;121;129,5
"1970-01-01 00:00:01";;45,5;120,5;129,5
"1970-01-01 00:00:01";;45,31;120;129,5
"1970-01-01 00:00:01";;44,64;120;129,5
"1970-01-01 00:00:01";;44,06;120;129,5
"1970-01-01 00:00:01";;43,87;121;129,5
"1970-01-01 00:00:01";;43,67;121;129,5
"1970-01-01 00:00:01";;43,68;121;129,4
"1970-01-01 00:00:01";;43,69;122;129,4
"1970-01-01 00:00:01";;43,6;122;129,4
"1970-01-01 00:00:01";;43,44;123;129,5
"1970-01-01 00:00:01";;43,3;123;129,4
"1970-01-01 00:00:01";;43,23;124;129,5
"1970-01-01 00:00:01";;43,22;124;129,5
"1970-01-01 00:00:01";;43,57;124;129,5
"1970-01-01 00:00:01";;43,88;124;129,4
"1970-01-01 00:00:01";;43,98;123;129,5
"1970-01-01 00:00:01";;44,05;123;129,5
"1970-01-01 00:00:01";;43,86;122;129,5
"1970-01-01 00:00:01";;43,67;122;129,5
"1970-01-01 00:00:01";;43,41;121;129,6
"1970-01-01 00:00:01";;43,15;122;129,6
"1970-01-01 00:00:01";;43,08;121;129,7
"1970-01-01 00:00:01";;43,02;121;129,6
"1970-01-01 00:00:01";;42,96;121;129,5
"1970-01-01 00:00:01";;43,06;122;129,5
"1970-01-01 00:00:01";;43,27;122;129,5
"1970-01-01 00:00:01";;43,39;122;129,5
"1970-01-01 00:00:01";;43,48;122;129,5
"1970-01-01 00:00:01";;43,65;121;129,5
"1970-01-01 00:00:01";;43,84;121;129,6
"1970-01-01 00:00:01";;44,03;120;129,5
"1970-01-01 00:00:01";;44,31;120;129,5
"1970-01-01 00:00:01";;44,62;119;129,6
"1970-01-01 00:00:01";;44,89;119;129,5
"1970-01-01 00:00:01";;45,15;120;129,5
"1970-01-01 00:00:01";;45,36;120;129,5
"1970-01-01 00:00:01";;45,33;120;129,5
"1970-01-01 00:00:01";;45,3;119;129,5
"1970-01-01 00:00:01";;45,27;119;129,6
"1970-01-01 00:00:01";;45,24;118;129,6
"1970-01-01 00:00:01";;45,29;118;129,6
"1970-01-01 00:00:01";;45,38;117;129,6
"1970-01-01 00:00:01";;45,47;117;129,6
"1970-01-01 00:00:01";;45,56;118;129,7
"1970-01-01 00:00:01";;45,66;118;129,6
"1970-01-01 00:00:01";;45,75;118;129,7
"1970-01-01 00:00:01";;45,83;119;129,7
"1970-01-01 00:00:01";;45,78;120;129,6
"1970-01-01 00:00:01";;45,74;120;129,6
"1970-01-01 00:00:01";;45,54;121;129,5
"1970-01-01 00:00:01";;45,33;120;129,6
"1970-01-01 00:00:01";;45,33;121;129,6
"1970-01-01 00:00:01";;45,43;121;129,6
"1970-01-01 00:00:01";;45,47;121;129,5
"1970-01-01 00:00:01";;45,36;121;129,5
"1970-01-01 00:00:01";;45,27;121;129,5
"1970-01-01 00:00:01";;45,25;121;129,5
"1970-01-01 00:00:01";;45,23;121;129,5
"1970-01-01 00:00:01";;45,23;122;129,5
"1970-01-01 00:00:01";;45,23;122;129,5
"1970-01-01 00:00:01";;45,06;122;129,5
"1970-01-01 00:00:01";;44,81;122;129,5
"1970-01-01 00:00:01";;44,76;123;129,5
"1970-01-01 00:00:01";;44,79;123;129,5
"1970-01-01 00:00:01";;44,72;122;129,6
"1970-01-01 00:00:01";;44,59;123;129,5
"1970-01-01 00:00:01";;44,52;122;129,6
"1970-01-01 00:00:01";;44,6;123;129,5
"1970-01-01 00:00:01";;44,67;122;129,6
"1970-01-01 00:00:01";;44,74;123;129,6
"1970-01-01 00:00:01";;44,79;123;129,6
"1970-01-01 00:00:01";;44,72;123;129,6
"1970-01-01 00:00:01";;44,64;123;129,7
"1970-01-01 00:00:01";;44,62;124;129,7
"1970-01-01 00:00:01";;44,6;124;129,6
"1970-01-01 00:00:01";;44,69;124;129,7
"1970-01-01 00:00:01";;44,79;124;129,7
"1970-01-01 00:00:01";;44,91;124;129,6
"1970-01-01 00:00:01";;45,03;124;129,6
"1970-01-01 00:00:01";;45,05;123;129,6
"1970-01-01 00:00:01";;45,04;123;129,6
"1970-01-01 00:00:01";;45,1;123;129,6
"1970-01-01 00:00:01";;45,19;123;129,7
"1970-01-01 00:00:01";;45,29;123;129,6
"1970-01-01 00:00:01";;45,42;123;129,5
"1970-01-01 00:00:01";;45,54;123;129,6
"1970-01-01 00:00:01";;45,58;124;129,5
"1970-01-01 00:00:01";;45,6;123;129,5
"1970-01-01 00:00:01";;45,6;124;129,5
"1970-01-01 00:00:01";;45,6;124;129,5
"1970-01-01 00:00:01";;45,64;124;129,5
"1970-01-01 00:00:01";;45,67;124;129,4
"1970-01-01 00:00:01";;45,69;125;129,4
"1970-01-01 00:00:01";;45,69;125;129,5
"1970-01-01 00:00:01";;45,41;125;129,4
"1970-01-01 00:00:01";;45,13;125;129,4
"1970-01-01 00:00:01";;44,78;125;129,3
"1970-01-01 00:00:01";;44,41;126;129,3
"1970-01-01 00:00:01";;44,29;125;129,3
"1970-01-01 00:00:01";;44,23;125,5;129,4
"1970-01-01 00:00:01";;44,26;126;129,3
"1970-01-01 00:00:01";;44,4;126;129,4
"1970-01-01 00:00:01";;44,54;126;129,4
"1970-01-01 00:00:01";;44,64;126;129,4
"1970-01-01 00:00:01";;44,72;126;129,4
"1970-01-01 00:00:01";;44,86;126;129,4
"1970-01-01 00:00:01";;45,03;126;129,4
"1970-01-01 00:00:01";;45,17;125;129,5
"1970-01-01 00:00:01";;45,26;125;129,4
"1970-01-01 00:00:01";;45,35;125;129,5
"1970-01-01 00:00:01";;45,46;125;129,5
"1970-01-01 00:00:01";;45,56;125;129,5
"1970-01-01 00:00:01";;45,65;125;129,5
"1970-01-01 00:00:01";;45,74;125;129,6
"1970-01-01 00:00:01";;45,95;125;129,5
"1970-01-01 00:00:01";;46,2;126;129,5
"1970-01-01 00:00:01";;46,07;126;129,5
"1970-01-01 00:00:01";;45,79;126;129,5
"1970-01-01 00:00:01";;45,75;126;129,5
"1970-01-01 00:00:01";;45,82;126;129,5
"1970-01-01 00:00:01";;45,93;126;129,6
"1970-01-01 00:00:01";;46,09;125;129,6
"1970-01-01 00:00:01";;46,24;126;129,6
"1970-01-01 00:00:01";;46,25;125;129,6
"1970-01-01 00:00:01";;46,27;125;129,5
"1970-01-01 00:00:01";;46,27;125;129,5
"1970-01-01 00:00:01";;46,24;126;129,5
"1970-01-01 00:00:01";;46,09;126;129,5
"1970-01-01 00:00:01";;45,94;126;129,4
"1970-01-01 00:00:01";;46;126;129,5
"1970-01-01 00:00:01";;46,07;126;129,5
"1970-01-01 00:00:01";;46,22;127;129,5
"1970-01-01 00:00:01";;46,42;126;129,5
"1970-01-01 00:00:01";;46,61;126;129,5
"1970-01-01 00:00:01";;46,82;127;129,5
"1970-01-01 00:00:01";;46,95;127;129,5
"1970-01-01 00:00:01";;46,98;127;129,5
"1970-01-01 00:00:01";;46,88;127;129,5
"1970-01-01 00:00:01";;46,64;127;129,5
"1970-01-01 00:00:01";;46,52;128;129,5
"1970-01-01 00:00:01";;46,46;128;129,6
"1970-01-01 00:00:01";;46,56;129;129,5
"1970-01-01 00:00:01";;46,77;128;129,6
"1970-01-01 00:00:01";;47,28;128;129,7
"1970-01-01 00:00:01";;48,06;128;129,6
"1970-01-01 00:00:01";;48,61;127;129,6
"1970-01-01 00:00:01";;48,81;127;129,6
"1970-01-01 00:00:01";;49,01;126;129,6
"1970-01-01 00:00:01";;49,24;126;129,5
"1970-01-01 00:00:01";;49,46;125;129,5
"1970-01-01 00:00:01";;49,99;126;129,6
"1970-01-01 00:00:01";;50,57;125;129,6
"1970-01-01 00:00:01";;51,09;125;129,5
"1970-01-01 00:00:01";;51,58;125;129,5
"1970-01-01 00:00:01";;51,98;125;129,6
"1970-01-01 00:00:01";;52,15;125;129,5
"1970-01-01 00:00:01";;52,31;125;129,6
"1970-01-01 00:00:01";;52,45;125;129,6
"1970-01-01 00:00:01";;52,59;125;130,6
"1970-01-01 00:00:01";;52,82;125;132
"1970-01-01 00:00:01";;53,04;125;133,3
"1970-01-01 00:00:01";;53,29;125;134,7
"1970-01-01 00:00:01";;53,56;125;135,9
"1970-01-01 00:00:01";;53,78;125;137,3
"1970-01-01 00:00:01";;53,91;125;138,6
"1970-01-01 00:00:01";;54,03;125;139,9
"1970-01-01 00:00:01";;53,96;125;141,3
"1970-01-01 00:00:01";;53,9;126;142,7
"1970-01-01 00:00:01";;53,92;126;144
"1970-01-01 00:00:01";;53,93;127;145,3
"1970-01-01 00:00:01";;53,87;128;146,6
"1970-01-01 00:00:01";;53,8;128;147,9
"1970-01-01 00:00:01";;53,83;129;149,2
"1970-01-01 00:00:01";;53,97;129;149,5
"1970-01-01 00:00:01";;54,07;129;149,5
"1970-01-01 00:00:01";;54,07;129;149,5
"1970-01-01 00:00:01";;54,07;129;149,5
"1970-01-01 00:00:01";;54,18;129;149,5
"1970-01-01 00:00:01";;54,28;129;149,6
"1970-01-01 00:00:01";;54,41;129;149,5
"1970-01-01 00:00:01";;54,54;129;149,6
"1970-01-01 00:00:01";;54,67;129;149,6
"1970-01-01 00:00:01";;54,76;129;149,6
"1970-01-01 00:00:01";;54,82;129;149,6
"1970-01-01 00:00:01";;54,89;129;149,7
"1970-01-01 00:00:01";;54,88;129;149,7
"1970-01-01 00:00:01";;54,87;130;149,7
"1970-01-01 00:00:01";;54,8;130;149,7
"1970-01-01 00:00:01";;54,72;130;149,7
"1970-01-01 00:00:01";;54,68;131;149,7
"1970-01-01 00:00:01";;54,64;132;149,7
"1970-01-01 00:00:01";;54,77;133;149,7
"1970-01-01 00:00:01";;54,96;134;149,7
"1970-01-01 00:00:01";;55,36;135;149,7
"1970-01-01 00:00:01";;55,81;136;149,7
"1970-01-01 00:00:01";;55,89;137;149,7
"1970-01-01 00:00:01";;55,78;138;149,7
"1970-01-01 00:00:01";;55,7;138;149,7
"1970-01-01 00:00:01";;55,66;138,5;149,7
"1970-01-01 00:00:01";;55,7;139;149,6
"1970-01-01 00:00:01";;55,81;139;149,6
"1970-01-01 00:00:01";;55,96;139;149,6
"1970-01-01 00:00:01";;56,17;139;149,5
"1970-01-01 00:00:01";;56,37;139;149,6
"1970-01-01 00:00:01";;56,54;139;149,5
"1970-01-01 00:00:01";;56,71;139;149,5
"1970-01-01 00:00:01";;56,82;138;149,5
"1970-01-01 00:00:01";;56,93;139;149,5
"1970-01-01 00:00:01";;56,8;139;149,6
"1970-01-01 00:00:01";;56,66;139;149,5
"1970-01-01 00:00:01";;56,1;139;149,5
"1970-01-01 00:00:01";;55,43;139;149,5
"1970-01-01 00:00:01";;55,15;140;149,5
"1970-01-01 00:00:01";;54,95;139;149,5
"1970-01-01 00:00:01";;54,77;139;149,5
"1970-01-01 00:00:01";;54,59;139;149,5
"1970-01-01 00:00:01";;54,2;140;149,5
"1970-01-01 00:00:01";;53,72;139;149,5
"1970-01-01 00:00:01";;53,31;139;149,5
"1970-01-01 00:00:01";;52,93;138;149,5
"1970-01-01 00:00:01";;52,68;138;149,5
"1970-01-01 00:00:01";;52,63;137;149,6
"1970-01-01 00:00:01";;52,57;137;149,6
"1970-01-01 00:00:01";;52,46;136;149,6
"1970-01-01 00:00:01";;52,34;136;149,7
"1970-01-01 00:00:01";;52,15;135;149,6
"1970-01-01 00:00:01";;51,93;135;149,5
"1970-01-01 00:00:01";;51,86;134;149,6
"1970-01-01 00:00:01";;51,9;134;149,6
"1970-01-01 00:00:01";;51,95;134;149,6
"1970-01-01 00:00:01";;52;134;149,7
"1970-01-01 00:00:01";;52,06;134;149,7
"1970-01-01 00:00:01";;52,15;133;149,7
"1970-01-01 00:00:01";;52,17;133;149,6
"1970-01-01 00:00:01";;52,11;133;149,6
"1970-01-01 00:00:01";;52,04;133;149,5
"1970-01-01 00:00:01";;51,94;132;149,5
"1970-01-01 00:00:01";;51,83;132;149,5
"1970-01-01 00:00:01";;51,89;132;149,5
"1970-01-01 00:00:01";;51,95;132;149,5
"1970-01-01 00:00:01";;52;132;149,5
"1970-01-01 00:00:01";;52,05;132;149,5
"1970-01-01 00:00:01";;52,08;132;149,5
"1970-01-01 00:00:01";;52,11;133;149,5
"1970-01-01 00:00:01";;52,08;133;149,5
"1970-01-01 00:00:01";;51,94;134;149,5
"1970-01-01 00:00:01";;51,86;133;149,5
"1970-01-01 00:00:01";;51,96;134;149,5
"1970-01-01 00:00:01";;52,04;133;149,5
"1970-01-01 00:00:01";;52,07;133;149,5
"1970-01-01 00:00:01";;52,1;133;149,5
"1970-01-01 00:00:01";;52,3;133;149,5
"1970-01-01 00:00:01";;52,5;133;149,5
"1970-01-01 00:00:01";;52,65;133;149,5
"1970-01-01 00:00:01";;52,79;133;149,4
"1970-01-01 00:00:01";;52,88;133;149,5
"1970-01-01 00:00:01";;52,97;133;149,5
"1970-01-01 00:00:01";;52,95;133;149,5
"1970-01-01 00:00:01";;52,88;133;149,5
"1970-01-01 00:00:01";;52,86;133;149,5
"1970-01-01 00:00:01";;52,98;133;149,5
"1970-01-01 00:00:01";;53,1;133;149,5
"1970-01-01 00:00:01";;53,26;133;149,5
"1970-01-01 00:00:01";;53,43;133;149,5
"1970-01-01 00:00:01";;53,38;133;149,5
"1970-01-01 00:00:01";;53,26;133;149,5
"1970-01-01 00:00:01";;53,17;133;149,5
"1970-01-01 00:00:01";;53,11;133;149,6
"1970-01-01 00:00:01";;53,1;134;149,5
"1970-01-01 00:00:01";;53,22;134;149,6
"1970-01-01 00:00:01";;53,32;135;149,5
"1970-01-01 00:00:01";;53,17;135;149,5
"1970-01-01 00:00:01";;53,06;135;149,5
"1970-01-01 00:00:01";;53,05;135;149,5
"1970-01-01 00:00:01";;53,02;135;149,5
"1970-01-01 00:00:01";;52,91;135;149,5
"1970-01-01 00:00:01";;52,8;136;149,5
"1970-01-01 00:00:01";;52,72;136;149,5
"1970-01-01 00:00:01";;52,63;136;149,5
"1970-01-01 00:00:01";;52,67;136;149,6
"1970-01-01 00:00:01";;52,69;136;149,6
"1970-01-01 00:00:01";;52,61;136;149,6
"1970-01-01 00:00:01";;52,55;137;149,5
"1970-01-01 00:00:01";;52,69;137;149,6
"1970-01-01 00:00:01";;52,77;137;149,5
"1970-01-01 00:00:01";;52,66;137;149,5
"1970-01-01 00:00:01";;52,54;137;149,5
"1970-01-01 00:00:01";;52,4;137;149,5
"1970-01-01 00:00:01";;52,27;137;149,5
"1970-01-01 00:00:01";;52,45;137;149,5
"1970-01-01 00:00:01";;52,62;137;149,5
"1970-01-01 00:00:01";;52,71;136;149,5
"1970-01-01 00:00:01";;52,79;136;149,5
"1970-01-01 00:00:01";;52,85;136;149,5
"1970-01-01 00:00:01";;52,9;137;149,4
"1970-01-01 00:00:01";;52,9;137;149,4
"1970-01-01 00:00:01";;52,9;137;149,3
"1970-01-01 00:00:01";;52,98;137;149,3
"1970-01-01 00:00:01";;53,06;137;149,3
"1970-01-01 00:00:01";;52,95;137;149,3
"1970-01-01 00:00:01";;52,83;137;149,4
"1970-01-01 00:00:01";;52,73;137;149,5
"1970-01-01 00:00:01";;52,63;137;149,4
"1970-01-01 00:00:01";;52,58;137;149,5
"1970-01-01 00:00:01";;52,55;136;149,5
"1970-01-01 00:00:01";;52,49;136;149,5
"1970-01-01 00:00:01";;52,42;136;149,5
"1970-01-01 00:00:01";;52,36;136;149,5
"1970-01-01 00:00:01";;52,35;135;149,5
"1970-01-01 00:00:01";;52,34;135;149,5
"1970-01-01 00:00:01";;52,42;135;149,5
"1970-01-01 00:00:01";;52,5;135;149,5
"1970-01-01 00:00:01";;52,61;135;149,6
"1970-01-01 00:00:01";;52,73;136;149,5
"1970-01-01 00:00:01";;52,79;136;149,6
"1970-01-01 00:00:01";;52,83;136;149,5
"1970-01-01 00:00:01";;52,74;137;149,5
"1970-01-01 00:00:01";;52,63;137;149,5
"1970-01-01 00:00:01";;52,6;138;149,5
"1970-01-01 00:00:01";;52,6;138;149,5
"1970-01-01 00:00:01";;52,6;139;149,5
"1970-01-01 00:00:01";;52,6;139;149,5
"1970-01-01 00:00:01";;52,6;139;149,5
"1970-01-01 00:00:01";;52,82;139;149,5
"1970-01-01 00:00:01";;53,02;140;149,6
"1970-01-01 00:00:01";;52,64;140;149,6
"1970-01-01 00:00:01";;52,27;140;149,6
"1970-01-01 00:00:01";;52,18;140;149,5
"1970-01-01 00:00:01";;52,1;140;149,6
"1970-01-01 00:00:01";;52,21;141;149,5
"1970-01-01 00:00:01";;52,33;141;149,5
"1970-01-01 00:00:01";;52,29;142;149,6
"1970-01-01 00:00:01";;52,24;143;149,6
"1970-01-01 00:00:01";;52,36;143;149,6
"1970-01-01 00:00:01";;52,53;144;149,6
"1970-01-01 00:00:01";;52,58;144;149,6
"1970-01-01 00:00:01";;52,63;144;149,6
"1970-01-01 00:00:01";;52,57;144;149,6
"1970-01-01 00:00:01";;52,49;143;150,5
"1970-01-01 00:00:01";;52,55;143;151,9
"1970-01-01 00:00:01";;52,68;143;153,1
"1970-01-01 00:00:01";;52,87;142;154,5
"1970-01-01 00:00:01";;53,1;142;155,8
"1970-01-01 00:00:01";;53,03;141;157,1
"1970-01-01 00:00:01";;52,85;141;158,5
"1970-01-01 00:00:01";;52,54;141;159,9
"1970-01-01 00:00:01";;52,13;141;161,1
"1970-01-01 00:00:01";;52,03;140;162,5
"1970-01-01 00:00:01";;52,22;140;163,9
"1970-01-01 00:00:01";;52,42;140;165,2
"1970-01-01 00:00:01";;52,69;141;166,5
"1970-01-01 00:00:01";;52,94;141;167,8
"1970-01-01 00:00:01";;52,99;141;169,2
"1970-01-01 00:00:01";;53,04;141;169,5
"1970-01-01 00:00:01";;53,09;141;169,5
"1970-01-01 00:00:01";;53,13;141;169,5
"1970-01-01 00:00:01";;53,17;141;169,5
"1970-01-01 00:00:01";;53,22;140;169,5
"1970-01-01 00:00:01";;53,21;140;169,5
"1970-01-01 00:00:01";;53,18;141;169,5
"1970-01-01 00:00:01";;53,12;141;169,5
"1970-01-01 00:00:01";;53,05;141;169,5
"1970-01-01 00:00:01";;53,18;141;169,4
"1970-01-01 00:00:01";;53,36;141;169,4
"1970-01-01 00:00:01";;53,43;141;169,3
"1970-01-01 00:00:01";;53,43;141;169,4
"1970-01-01 00:00:01";;53,42;140;169,4
"1970-01-01 00:00:01";;53,38;141;169,4
"1970-01-01 00:00:01";;53,43;140;169,4
"1970-01-01 00:00:01";;53,58;141;169,4
"1970-01-01 00:00:01";;53,75;141;169,4
"1970-01-01 00:00:01";;53,99;141;169,5
"1970-01-01 00:00:01";;54,13;141;169,4
"1970-01-01 00:00:01";;54,13;142;169,5
"1970-01-01 00:00:01";;54,22;141;169,5
"1970-01-01 00:00:01";;54,44;142;169,5
"1970-01-01 00:00:01";;54,63;141;169,5
"1970-01-01 00:00:01";;54,63;142;169,5
"1970-01-01 00:00:01";;54,63;141;169,5
"1970-01-01 00:00:01";;54,9;142;169,5
"1970-01-01 00:00:01";;55,21;142;169,5
"1970-01-01 00:00:01";;55,11;142;169,5
"1970-01-01 00:00:01";;54,98;142;169,5
"1970-01-01 00:00:01";;54,99;142;169,5
"1970-01-01 00:00:01";;55,07;142;169,6
"1970-01-01 00:00:01";;55,09;142;169,6
"1970-01-01 00:00:01";;54,95;142;169,6
"1970-01-01 00:00:01";;54,81;142;169,6
"1970-01-01 00:00:01";;54,83;143;169,5
"1970-01-01 00:00:01";;54,87;143;169,5
"1970-01-01 00:00:01";;55,17;143;169,5
"1970-01-01 00:00:01";;55,43;144;169,5
"1970-01-01 00:00:01";;55,43;144;169,6
"1970-01-01 00:00:01";;55,43;144;169,7
"1970-01-01 00:00:01";;55,46;145;169,7
"1970-01-01 00:00:01";;55,48;146;169,6
"1970-01-01 00:00:01";;55,54;145;169,7
"1970-01-01 00:00:01";;55,65;146;169,6
"1970-01-01 00:00:01";;55,72;146;169,7
"1970-01-01 00:00:01";;55,76;146;169,6
"1970-01-01 00:00:01";;55,78;146;169,5
"1970-01-01 00:00:01";;55,8;147;169,5
"1970-01-01 00:00:01";;55,65;147;169,5
"1970-01-01 00:00:01";;55,47;147;169,6
"1970-01-01 00:00:01";;55,22;147;169,6
"1970-01-01 00:00:01";;54,95;147;169,6
"1970-01-01 00:00:01";;54,62;147;169,5
"1970-01-01 00:00:01";;54,25;148;169,5
"1970-01-01 00:00:01";;54,48;147;169,5
"1970-01-01 00:00:01";;55,28;148;169,4
"1970-01-01 00:00:01";;56,08;148;169,4
"1970-01-01 00:00:01";;56,53;148;169,3
"1970-01-01 00:00:01";;56,53;148;169,3
"1970-01-01 00:00:01";;56,54;148;169,3
"1970-01-01 00:00:01";;56,57;148;169,3
"1970-01-01 00:00:01";;56,59;148;169,4
"1970-01-01 00:00:01";;56,58;148;169,3
"1970-01-01 00:00:01";;56,54;148;169,3
"1970-01-01 00:00:01";;56,48;149;169,3
"1970-01-01 00:00:01";;56,39;149;169,3
"1970-01-01 00:00:01";;56,3;149;169,3
"1970-01-01 00:00:01";;56,35;150;169,3
"1970-01-01 00:00:01";;56,4;150;169,3
"1970-01-01 00:00:01";;56,5;150;169,3
"1970-01-01 00:00:01";;56,84;150;169,3
"1970-01-01 00:00:01";;57,14;150;169,3
"1970-01-01 00:00:01";;57,33;151;169,3
"1970-01-01 00:00:01";;57,52;151;169,4
"1970-01-01 00:00:01";;57,85;151;169,3
"1970-01-01 00:00:01";;58,19;151;169,4
"1970-01-01 00:00:01";;58,27;150;169,3
"1970-01-01 00:00:01";;58,22;150;169,4
"1970-01-01 00:00:01";;58,24;150;169,4
"1970-01-01 00:00:01";;58,33;150;169,5
"1970-01-01 00:00:01";;58,47;150;169,5
"1970-01-01 00:00:01";;58,72;150;169,4
"1970-01-01 00:00:01";;58,96;150;169,5
"1970-01-01 00:00:01";;59,18;150;169,5
"1970-01-01 00:00:01";;59,25;151;169,5
"1970-01-01 00:00:01";;59,22;150;169,5
"1970-01-01 00:00:01";;59,11;151;169,5
"1970-01-01 00:00:01";;58,91;150;169,5
"1970-01-01 00:00:01";;58,85;151;169,5
"1970-01-01 00:00:01";;58,94;150;169,6
"1970-01-01 00:00:01";;59,03;150;169,5
"1970-01-01 00:00:01";;59,32;151;169,6
"1970-01-01 00:00:01";;59,59;150;169,5
"1970-01-01 00:00:01";;59,75;150;169,6
"1970-01-01 00:00:01";;59,9;150;169,5
"1970-01-01 00:00:01";;59,83;150;169,5
"1970-01-01 00:00:01";;59,77;150;169,6
"1970-01-01 00:00:01";;59,72;150;169,5
"1970-01-01 00:00:01";;59,67;150;169,5
"1970-01-01 00:00:01";;59,79;150;169,6
"1970-01-01 00:00:01";;59,92;150;169,5
"1970-01-01 00:00:01";;59,77;150;169,5
"1970-01-01 00:00:01";;59,6;150;169,5
"1970-01-01 00:00:01";;59,66;150;169,5
"1970-01-01 00:00:01";;59,71;150;169,5
"1970-01-01 00:00:01";;59,71;150;169,5
"1970-01-01 00:00:01";;59,68;150;169,5
"1970-01-01 00:00:01";;59,7;150;169,5
"1970-01-01 00:00:01";;59,77;150;169,5
"1970-01-01 00:00:01";;59,77;151;169,5
"1970-01-01 00:00:01";;59,72;151;169,6
"1970-01-01 00:00:01";;59,75;151;169,6
"1970-01-01 00:00:01";;59,84;151;169,7
"1970-01-01 00:00:01";;60,03;151;169,6
"1970-01-01 00:00:01";;60,28;152;169,6
"1970-01-01 00:00:01";;60,5;152;169,7
"1970-01-01 00:00:01";;60,7;152;169,7
"1970-01-01 00:00:01";;61,22;152;169,7
"1970-01-01 00:00:01";;62,1;152;169,6
"1970-01-01 00:00:01";;62,34;153;169,5
"1970-01-01 00:00:01";;61,61;153;169,6
"1970-01-01 00:00:01";;61,19;153;169,5
"1970-01-01 00:00:01";;61,15;154;169,6
"1970-01-01 00:00:01";;61,13;153;169,6
"1970-01-01 00:00:01";;61,11;153;169,6
"1970-01-01 00:00:01";;61,2;153;169,5
"1970-01-01 00:00:01";;61,45;153;169,5
"1970-01-01 00:00:01";;61,69;153;169,5
"1970-01-01 00:00:01";;61,87;153;169,5
"1970-01-01 00:00:01";;62,03;153;169,5
"1970-01-01 00:00:01";;61,96;153;169,5
"1970-01-01 00:00:01";;61,89;153;169,6
"1970-01-01 00:00:01";;61,6;153;169,6
"1970-01-01 00:00:01";;61,31;153;169,6
"1970-01-01 00:00:01";;61,44;153;169,7
"1970-01-01 00:00:01";;61,58;153;169,7
"1970-01-01 00:00:01";;61,59;152;169,7
"1970-01-01 00:00:01";;61,57;152;169,7
"1970-01-01 00:00:01";;61,62;151;169,7
"1970-01-01 00:00:01";;61,68;151;169,7
"1970-01-01 00:00:01";;61,66;151;169,7
"1970-01-01 00:00:01";;61,62;150;169,7
"1970-01-01 00:00:01";;61,47;149,8;169,7
"1970-01-01 00:00:01";;61,24;149,5;169,7
"1970-01-01 00:00:01";;60,92;149,2;169,7
"1970-01-01 00:00:01";;60,52;149;169,7
"1970-01-01 00:00:01";;60,7;149;169,6
"1970-01-01 00:00:01";;60,97;149;169,5
"1970-01-01 00:00:01";;61,17;149;169,6
"1970-01-01 00:00:01";;61,31;148,5;169,6
"1970-01-01 00:00:01";;61,15;148;169,5
"1970-01-01 00:00:01";;61;148;169,5
"1970-01-01 00:00:01";;60,68;148;169,5
"1970-01-01 00:00:01";;60,36;148;169,5
"1970-01-01 00:00:01";;60,44;149;169,5
"1970-01-01 00:00:01";;60,61;149;169,5
"1970-01-01 00:00:01";;60,73;149;169,5
"1970-01-01 00:00:01";;60,83;150;169,5
"1970-01-01 00:00:01";;61,1;150;169,5
"1970-01-01 00:00:01";;61,43;151;169,5
"1970-01-01 00:00:01";;61,66;151;169,4
"1970-01-01 00:00:01";;61,82;151;169,5
"1970-01-01 00:00:01";;61,87;152;169,5
"1970-01-01 00:00:01";;61,82;152;169,5
"1970-01-01 00:00:01";;61,72;152;170,7
"1970-01-01 00:00:01";;61,61;152;172
"1970-01-01 00:00:01";;61,79;152;173,3
"1970-01-01 00:00:01";;62,02;152;174,7
"1970-01-01 00:00:01";;61,81;151;176
"1970-01-01 00:00:01";;61,56;151;177,4
"1970-01-01 00:00:01";;61,49;151;178,7
"1970-01-01 00:00:01";;61,44;151;180,1
"1970-01-01 00:00:01";;61,5;151;181,5
"1970-01-01 00:00:01";;61,57;151;182,7
"1970-01-01 00:00:01";;61,55;151;184,1
"1970-01-01 00:00:01";;61,53;151;185,5
"1970-01-01 00:00:01";;61,39;151;186,7
"1970-01-01 00:00:01";;61,23;151;188,1
"1970-01-01 00:00:01";;61;150;189,3
"1970-01-01 00:00:01";;60,79;150;189,5
"1970-01-01 00:00:01";;60,66;151;189,5
"1970-01-01 00:00:01";;60,5;151;189,5
"1970-01-01 00:00:01";;60,23;152;189,5
"1970-01-01 00:00:01";;60,12;152;189,5
"1970-01-01 00:00:01";;60,24;152;189,5
"1970-01-01 00:00:01";;60,34;152;189,5
"1970-01-01 00:00:01";;60,41;153;189,5
"1970-01-01 00:00:01";;60,43;153;189,4
"1970-01-01 00:00:01";;60,43;153;189,5
"1970-01-01 00:00:01";;60,51;153;189,5
"1970-01-01 00:00:01";;60,62;152;189,5
"1970-01-01 00:00:01";;60,56;152;189,5
"1970-01-01 00:00:01";;60,47;152;189,5
"1970-01-01 00:00:01";;60,27;152;189,5
"1970-01-01 00:00:01";;59,99;151;189,5
"1970-01-01 00:00:01";;59,84;151;189,5
"1970-01-01 00:00:01";;59,79;151;189,5
"1970-01-01 00:00:01";;59,75;150;189,5
"1970-01-01 00:00:01";;59,72;150;189,5
"1970-01-01 00:00:01";;59,67;150;189,5
"1970-01-01 00:00:01";;59,6;150;189,5
"1970-01-01 00:00:01";;59,54;150;189,5
"1970-01-01 00:00:01";;59,55;150;189,5
"1970-01-01 00:00:01";;59,57;150;189,5
"1970-01-01 00:00:01";;59,62;150;189,5
"1970-01-01 00:00:01";;59,66;151;189,5
"1970-01-01 00:00:01";;59,41;151;189,5
"1970-01-01 00:00:01";;59,12;151;189,5
"1970-01-01 00:00:01";;59,1;151;189,5
"1970-01-01 00:00:01";;59,15;151;189,5
"1970-01-01 00:00:01";;59,28;151;189,5
"1970-01-01 00:00:01";;59,45;152;189,4
"1970-01-01 00:00:01";;59,63;152;189,4
"1970-01-01 00:00:01";;59,62;153;189,5
"1970-01-01 00:00:01";;59,61;153;189,5
"1970-01-01 00:00:01";;59,77;153;189,5
"1970-01-01 00:00:01";;59,94;153;189,5
"1970-01-01 00:00:01";;60,14;154;189,5
"1970-01-01 00:00:01";;60,21;154;189,5
"1970-01-01 00:00:01";;60,06;154;189,5
"1970-01-01 00:00:01";;60,19;155;189,5
"1970-01-01 00:00:01";;60,52;155;189,5
"1970-01-01 00:00:01";;60,8;155;189,5
"1970-01-01 00:00:01";;61,06;155;189,5
"1970-01-01 00:00:01";;61,31;155;189,5
"1970-01-01 00:00:01";;61,56;155;189,5
"1970-01-01 00:00:01";;61,66;155;189,5
"1970-01-01 00:00:01";;61,7;155;189,6
"1970-01-01 00:00:01";;61,99;155;189,6
"1970-01-01 00:00:01";;62,3;155;189,7
"1970-01-01 00:00:01";;62,44;154;189,6
"1970-01-01 00:00:01";;62,57;155;189,6
"1970-01-01 00:00:01";;62,61;155;189,6
"1970-01-01 00:00:01";;62,66;155;189,6
"1970-01-01 00:00:01";;62,7;155;189,7
"1970-01-01 00:00:01";;62,75;155;189,7
"1970-01-01 00:00:01";;62,87;155;189,6
"1970-01-01 00:00:01";;63,03;155;189,7
"1970-01-01 00:00:01";;63,15;155;189,7
"1970-01-01 00:00:01";;63,23;155;189,7
"1970-01-01 00:00:01";;63,25;155;189,7
"1970-01-01 00:00:01";;63,22;156;189,7
"1970-01-01 00:00:01";;63,42;156;189,7
"1970-01-01 00:00:01";;63,89;156;189,7
"1970-01-01 00:00:01";;64,28;156;189,6
"1970-01-01 00:00:01";;64,6;157;189,7
"1970-01-01 00:00:01";;64,68;157;189,7
"1970-01-01 00:00:01";;64,7;158;189,7
"1970-01-01 00:00:01";;64,57;158;189,6
"1970-01-01 00:00:01";;64,4;159;189,6
"1970-01-01 00:00:01";;64,33;159;189,6
"1970-01-01 00:00:01";;64,47;159;189,7
"1970-01-01 00:00:01";;65,34;159;189,6
"1970-01-01 00:00:01";;66,21;160;189,6
"1970-01-01 00:00:01";;67,23;159;189,5
"1970-01-01 00:00:01";;67,91;160;189,5
"1970-01-01 00:00:01";;67,84;160;189,5
"1970-01-01 00:00:01";;67,9;158;189,5
"1970-01-01 00:00:01";;68,11;159;189,5
"1970-01-01 00:00:01";;68,36;159;189,5
"1970-01-01 00:00:01";;68,65;159;189,5
"1970-01-01 00:00:01";;68,88;159;189,5
"1970-01-01 00:00:01";;69,02;159;189,5
"1970-01-01 00:00:01";;69,17;159;189,5
"1970-01-01 00:00:01";;69,35;159;189,5
"1970-01-01 00:00:01";;69,56;159;189,5
"1970-01-01 00:00:01";;69,79;158;189,5
"1970-01-01 00:00:01";;69,9;158;189,5
"1970-01-01 00:00:01";;69,9;158;189,5
"1970-01-01 00:00:01";;69,97;158;189,5
"1970-01-01 00:00:01";;70,08;158;189,5
"1970-01-01 00:00:01";;70,34;158;189,5
"1970-01-01 00:00:01";;70,63;158;189,5
"1970-01-01 00:00:01";;70,24;158;189,5
"1970-01-01 00:00:01";;69,86;158;189,5
"1970-01-01 00:00:01";;69,57;158;189,5
"1970-01-01 00:00:01";;69,28;158;189,5
"1970-01-01 00:00:01";;69,28;158;189,4
"1970-01-01 00:00:01";;69,27;158;189,4
"1970-01-01 00:00:01";;68,92;159;189,3
"1970-01-01 00:00:01";;68,59;159;189,3
"1970-01-01 00:00:01";;68,27;159;189,3
"1970-01-01 00:00:01";;68,05;159;189,3
"1970-01-01 00:00:01";;67,95;159;189,3
"1970-01-01 00:00:01";;68,01;159;189,3
"1970-01-01 00:00:01";;68,23;160;189,3
"1970-01-01 00:00:01";;68,43;160;189,4
"1970-01-01 00:00:01";;68,43;160;189,3
"1970-01-01 00:00:01";;68,44;160;189,3
"1970-01-01 00:00:01";;68,46;160;189,3
"1970-01-01 00:00:01";;68,53;160;189,4
"1970-01-01 00:00:01";;68,7;160;189,4
"1970-01-01 00:00:01";;68,85;160;189,5
"1970-01-01 00:00:01";;68,98;160;189,5
"1970-01-01 00:00:01";;69;160;189,5
"1970-01-01 00:00:01";;68,95;160;189,5
"1970-01-01 00:00:01";;68,99;160;189,5
"1970-01-01 00:00:01";;69,06;160;189,5
"1970-01-01 00:00:01";;69,16;160;189,5
"1970-01-01 00:00:01";;69,19;160;189,5
"1970-01-01 00:00:01";;68,96;160;189,5
"1970-01-01 00:00:01";;68,72;161;189,5
"1970-01-01 00:00:01";;68,46;161;189,5
"1970-01-01 00:00:01";;68,29;161;189,5
"1970-01-01 00:00:01";;68,2;161;189,6
"1970-01-01 00:00:01";;68,41;161;189,5
"1970-01-01 00:00:01";;68,78;161;189,5
"1970-01-01 00:00:01";;68,9;162;189,5
"1970-01-01 00:00:01";;68,99;162;189,5
"1970-01-01 00:00:01";;68,47;162;189,5
"1970-01-01 00:00:01";;67,83;162;189,4
"1970-01-01 00:00:01";;67,37;162;189,5
"1970-01-01 00:00:01";;66,9;162;189,5
"1970-01-01 00:00:01";;66,98;161;189,5
"1970-01-01 00:00:01";;67,07;162;189,5
"1970-01-01 00:00:01";;66,97;162;189,5
"1970-01-01 00:00:01";;66,87;162;189,5
"1970-01-01 00:00:01";;66,76;161;189,5
"1970-01-01 00:00:01";;66,68;162;189,4
"1970-01-01 00:00:01";;66,74;161;189,4
"1970-01-01 00:00:01";;66,82;161;189,4
"1970-01-01 00:00:01";;66,92;161;189,4
"1970-01-01 00:00:01";;66,97;161;189,4
"1970-01-01 00:00:01";;66,97;161;189,4
"1970-01-01 00:00:01";;66,95;162;189,5
"1970-01-01 00:00:01";;66,9;162;189,5
"1970-01-01 00:00:01";;66,83;162;189,5
"1970-01-01 00:00:01";;66,63;162;189,5
"1970-01-01 00:00:01";;66,43;161;189,5
"1970-01-01 00:00:01";;66,24;162;189,5
"1970-01-01 00:00:01";;66,05;162;189,5
"1970-01-01 00:00:01";;66,27;162;189,5
"1970-01-01 00:00:01";;66,52;161;189,5
"1970-01-01 00:00:01";;66,72;162;189,5
"1970-01-01 00:00:01";;66,9;162;189,5
"1970-01-01 00:00:01";;67;162;189,5
"1970-01-01 00:00:01";;67,1;163;189,6
"1970-01-01 00:00:01";;67,17;163;189,6
"1970-01-01 00:00:01";;67,56;162;189,7
"1970-01-01 00:00:01";;68,21;162;189,6
"1970-01-01 00:00:01";;68,58;162;189,7
"1970-01-01 00:00:01";;68,86;162;189,7
"1970-01-01 00:00:01";;68,54;163;189,7
"1970-01-01 00:00:01";;68,25;163;189,6
"1970-01-01 00:00:01";;68,52;162;190,5
"1970-01-01 00:00:01";;68,77;162;191,8
"1970-01-01 00:00:01";;68,93;163;193,1
"1970-01-01 00:00:01";;69,07;163;194,5
"1970-01-01 00:00:01";;69,15;163;195,8
"1970-01-01 00:00:01";;69,1;164;197,2
"1970-01-01 00:00:01";;68,89;163;198,5
"1970-01-01 00:00:01";;68,9;163;199,7
"1970-01-01 00:00:01";;69,09;163;201,1
"1970-01-01 00:00:01";;69,11;163;202,4
"1970-01-01 00:00:01";;69,01;163;203,7
"1970-01-01 00:00:01";;68,89;164;205,1
"1970-01-01 00:00:01";;68,77;164;206,3
"1970-01-01 00:00:01";;68,83;164;207,6
"1970-01-01 00:00:01";;69,16;164;209
"1970-01-01 00:00:01";;69,4;164;209,5
"1970-01-01 00:00:01";;69,49;165;209,5
"1970-01-01 00:00:01";;69,56;165;209,5
"1970-01-01 00:00:01";;69,61;165;209,4
"1970-01-01 00:00:01";;69,52;165;209,4
"1970-01-01 00:00:01";;69,29;166;209,3
"1970-01-01 00:00:01";;69,22;166;209,3
"1970-01-01 00:00:01";;69,2;166;209,4
"1970-01-01 00:00:01";;69,18;166;209,4
"1970-01-01 00:00:01";;69,04;166;209,3
"1970-01-01 00:00:01";;68,64;166;209,3
"1970-01-01 00:00:01";;68,73;166;209,3
"1970-01-01 00:00:01";;69,17;166;209,3
"1970-01-01 00:00:01";;69,52;165;209,3
"1970-01-01 00:00:01";;69,66;164;209,3
"1970-01-01 00:00:01";;69,7;165;209,3
"1970-01-01 00:00:01";;69,53;164;209,3
"1970-01-01 00:00:01";;69,55;164;209,3
"1970-01-01 00:00:01";;70,15;165;209,3
"1970-01-01 00:00:01";;70,68;165;209,4
"1970-01-01 00:00:01";;71,12;165;209,4
"1970-01-01 00:00:01";;71,41;164;209,4
"1970-01-01 00:00:01";;71,63;164;209,4
"1970-01-01 00:00:01";;71,91;163;209,4
"1970-01-01 00:00:01";;72,18;164;209,4
"1970-01-01 00:00:01";;72,4;164;209,5
"1970-01-01 00:00:01";;72,52;163;209,5
"1970-01-01 00:00:01";;72,48;164;209,5
"1970-01-01 00:00:01";;72,61;164;209,5
"1970-01-01 00:00:01";;72,84;164;209,5
"1970-01-01 00:00:01";;73,17;164;209,5
"1970-01-01 00:00:01";;73,48;163;209,5
"1970-01-01 00:00:01";;73,55;164;209,5
"1970-01-01 00:00:01";;73,62;163;209,5
"1970-01-01 00:00:01";;73,68;163;209,5
"1970-01-01 00:00:01";;73,7;163;209,5
"1970-01-01 00:00:01";;73,82;163;209,6
"1970-01-01 00:00:01";;74,3;163;209,6
"1970-01-01 00:00:01";;74,22;163;209,6
"1970-01-01 00:00:01";;73,93;163;209,6
"1970-01-01 00:00:01";;74,1;162;209,6
"1970-01-01 00:00:01";;74,19;163;209,6
"1970-01-01 00:00:01";;74,02;164;209,5
"1970-01-01 00:00:01";;74,09;165;209,6
"1970-01-01 00:00:01";;74,25;165;209,5
"1970-01-01 00:00:01";;74,3;165;209,5
"1970-01-01 00:00:01";;74,42;164;209,5
"1970-01-01 00:00:01";;74,57;165;209,5
"1970-01-01 00:00:01";;75,03;165;209,5
"1970-01-01 00:00:01";;75,45;166;209,5
"1970-01-01 00:00:01";;75,56;166;209,5
"1970-01-01 00:00:01";;75,81;167;209,5
"1970-01-01 00:00:01";;76,18;167;209,4
"1970-01-01 00:00:01";;76,61;167;209,3
"1970-01-01 00:00:01";;76,98;166;209,4
"1970-01-01 00:00:01";;77,28;166;209,3
"1970-01-01 00:00:01";;77,72;166;209,4
"1970-01-01 00:00:01";;77,99;165;209,4
"1970-01-01 00:00:01";;78,18;166;209,3
"1970-01-01 00:00:01";;78,6;166;209,3
"1970-01-01 00:00:01";;78,6;165;209,4
"1970-01-01 00:00:01";;78,37;165;209,4
"1970-01-01 00:00:01";;78,05;167;209,5
"1970-01-01 00:00:01";;78,09;167;209,4
"1970-01-01 00:00:01";;78,35;168;209,3
"1970-01-01 00:00:01";;78,82;167;209,3
"1970-01-01 00:00:01";;78,99;166;209,3
"1970-01-01 00:00:01";;78,73;167;209,3
"1970-01-01 00:00:01";;78,33;168;209,3
"1970-01-01 00:00:01";;77,93;168;209,3
"1970-01-01 00:00:01";;77,68;168;209,3
"1970-01-01 00:00:01";;77,57;168;209,3
"1970-01-01 00:00:01";;77,59;168;209,3
"1970-01-01 00:00:01";;78,17;167;209,3
"1970-01-01 00:00:01";;78,47;166;209,3
"1970-01-01 00:00:01";;78,28;167;209,3
"1970-01-01 00:00:01";;78,26;167;209,4
"1970-01-01 00:00:01";;78,28;166;209,4
"1970-01-01 00:00:01";;78,15;166;209,4
"1970-01-01 00:00:01";;78,19;167;209,4
"1970-01-01 00:00:01";;78,36;167;209,4
"1970-01-01 00:00:01";;77,94;167;209,4
"1970-01-01 00:00:01";;77,6;168;209,4
"1970-01-01 00:00:01";;77,63;168;209,5
"1970-01-01 00:00:01";;77,58;168;209,5
"1970-01-01 00:00:01";;77,52;168;209,5
"1970-01-01 00:00:02";;77,81;168;209,5
"1970-01-01 00:00:02";;78,03;169;209,5
"1970-01-01 00:00:02";;78,19;168;209,5
"1970-01-01 00:00:02";;78,54;169;209,5
"1970-01-01 00:00:02";;78,8;168;209,5
"1970-01-01 00:00:02";;78,94;169;209,4
"1970-01-01 00:00:02";;79,15;169;209,3
"1970-01-01 00:00:02";;79,42;168;209,4
"1970-01-01 00:00:02";;79,97;169;209,5
"1970-01-01 00:00:02";;80,1;168;209,5
"1970-01-01 00:00:02";;80,11;170;209,5
"1970-01-01 00:00:02";;80,13;170;209,5
"1970-01-01 00:00:02";;80,12;170;209,5
"1970-01-01 00:00:02";;80,08;170;209,5
"1970-01-01 00:00:02";;79,9;170;209,5
"1970-01-01 00:00:02";;79,83;170;209,5
"1970-01-01 00:00:02";;79,89;168;209,5
"1970-01-01 00:00:02";;79,92;169;209,4
"1970-01-01 00:00:02";;80,04;168;209,5
"1970-01-01 00:00:02";;80,32;167;209,5
"1970-01-01 00:00:02";;80,53;169;209,6
"1970-01-01 00:00:02";;80,7;169;209,6
"1970-01-01 00:00:02";;80,84;170;209,6
"1970-01-01 00:00:02";;81,01;170;209,5
"1970-01-01 00:00:02";;81,19;170;209,5
"1970-01-01 00:00:02";;81;169;209,5
"1970-01-01 00:00:02";;80,83;169;209,6
"1970-01-01 00:00:02";;80,79;170;209,6
"1970-01-01 00:00:02";;80,76;170;209,5
"1970-01-01 00:00:02";;80,74;169;209,6
"1970-01-01 00:00:02";;80,92;168;209,6
"1970-01-01 00:00:02";;81,17;168;209,6
"1970-01-01 00:00:02";;81,27;169;209,6
"1970-01-01 00:00:02";;81,33;169;209,5
"1970-01-01 00:00:02";;81,31;169;209,5
"1970-01-01 00:00:02";;81,16;168;209,5
"1970-01-01 00:00:02";;80,97;169;209,5
"1970-01-01 00:00:02";;81,37;168;209,4
"1970-01-01 00:00:02";;81,7;167;209,5
"1970-01-01 00:00:02";;81,72;168;209,5
"1970-01-01 00:00:02";;81,65;169;209,5
"1970-01-01 00:00:02";;81,45;169;209,5
"1970-01-01 00:00:02";;81,07;168;209,4
"1970-01-01 00:00:02";;80,64;168;209,4
"1970-01-01 00:00:02";;80,75;168;209,4
"1970-01-01 00:00:02";;80,88;167;209,4
"1970-01-01 00:00:02";;81,07;168;209,4
"1970-01-01 00:00:02";;81,15;167;209,4
"1970-01-01 00:00:02";;81,11;167;209,5
"1970-01-01 00:00:02";;81,06;167;209,4
"1970-01-01 00:00:02";;80,99;168;209,4
"1970-01-01 00:00:02";;80,63;169;209,5
"1970-01-01 00:00:02";;80,32;168;209,5
"1970-01-01 00:00:02";;80,1;169;209,5
"1970-01-01 00:00:02";;80,13;169;209,5
"1970-01-01 00:00:02";;80,02;169;209,5
"1970-01-01 00:00:02";;79,8;169;209,5
"1970-01-01 00:00:02";;79,31;169;209,5
"1970-01-01 00:00:02";;78,61;170;209,6
"1970-01-01 00:00:02";;78,01;169;209,5
"1970-01-01 00:00:02";;78,07;170;209,6
"1970-01-01 00:00:02";;77,98;169;209,5
"1970-01-01 00:00:02";;77,77;169;209,6
"1970-01-01 00:00:02";;77,56;170;209,5
"1970-01-01 00:00:02";;77,48;170;209,5
"1970-01-01 00:00:02";;77,58;170;209,5
"1970-01-01 00:00:02";;77,35;171;209,5
"1970-01-01 00:00:02";;77,08;171;209,5
"1970-01-01 00:00:02";;76,93;171;209,5
"1970-01-01 00:00:02";;76,85;171;209,5
"1970-01-01 00:00:02";;76,79;171;209,4
"1970-01-01 00:00:02";;76,77;170;209,3
"1970-01-01 00:00:02";;76,68;169;209,3
"1970-01-01 00:00:02";;76,61;170;209,3
"1970-01-01 00:00:02";;76,65;169;209,3
"1970-01-01 00:00:02";;76,87;168;209,3
"1970-01-01 00:00:02";;77,2;169;209,3
"1970-01-01 00:00:02";;77,08;171;209,3
"1970-01-01 00:00:02";;77,02;171;209,3
"1970-01-01 00:00:02";;77,08;171;210,7
"1970-01-01 00:00:02";;77,07;171;212,1
"1970-01-01 00:00:02";;77;170;213,3
"1970-01-01 00:00:02";;76,7;170;214,7
"1970-01-01 00:00:02";;76,55;169;216,1
"1970-01-01 00:00:02";;76,61;171;217,3
"1970-01-01 00:00:02";;76,9;171;218,7
"1970-01-01 00:00:02";;77,04;171;220,1
"1970-01-01 00:00:02";;77,43;171;221,5
"1970-01-01 00:00:02";;78,02;172;222,8
"1970-01-01 00:00:02";;78,66;172;224,1
"1970-01-01 00:00:02";;79,12;171;225,4
"1970-01-01 00:00:02";;79,18;171;226,7
"1970-01-01 00:00:02";;78,65;171;228,1
"1970-01-01 00:00:02";;79,21;171;229,4
"1970-01-01 00:00:02";;79,5;171;229,4
"1970-01-01 00:00:02";;79,5;170;229,5
"1970-01-01 00:00:02";;79,76;170;229,5
"1970-01-01 00:00:02";;80,16;169;229,5
"1970-01-01 00:00:02";;80,82;170;229,5
"1970-01-01 00:00:02";;80,93;170;229,5
"1970-01-01 00:00:02";;80,84;169;229,6
"1970-01-01 00:00:02";;81,14;169;229,6
"1970-01-01 00:00:02";;81,2;169;229,5
"1970-01-01 00:00:02";;81,01;169;229,6
"1970-01-01 00:00:02";;81,46;168;229,6
"1970-01-01 00:00:02";;81,87;169;229,6
"1970-01-01 00:00:02";;80,81;169;229,6
"1970-01-01 00:00:02";;81,11;170;229,7
"1970-01-01 00:00:02";;82,06;171;229,6
"1970-01-01 00:00:02";;82,75;171;229,5
"1970-01-01 00:00:02";;82,29;170;229,5
"1970-01-01 00:00:02";;82,48;170;229,5
"1970-01-01 00:00:02";;83,01;170;229,5
"1970-01-01 00:00:02";;83,19;170;229,5
"1970-01-01 00:00:02";;83,33;171;229,6
"1970-01-01 00:00:02";;83,65;171;229,5
"1970-01-01 00:00:02";;84,24;170;229,5
"1970-01-01 00:00:02";;85,1;171;229,5
"1970-01-01 00:00:02";;85,29;172;229,5
"1970-01-01 00:00:02";;85,4;171;229,5
"1970-01-01 00:00:02";;85,68;172;229,6
"1970-01-01 00:00:02";;85,68;173;229,6
"1970-01-01 00:00:02";;85,53;173;229,6
"1970-01-01 00:00:02";;85,31;173;229,6
"1970-01-01 00:00:02";;85,6;172;229,6
"1970-01-01 00:00:02";;86,01;172;229,6
"1970-01-01 00:00:02";;86,08;172;229,6
"1970-01-01 00:00:02";;85,55;171;229,6
"1970-01-01 00:00:02";;85,11;170;229,6
"1970-01-01 00:00:02";;84,84;171;229,5
"1970-01-01 00:00:02";;84,86;171;229,5
"1970-01-01 00:00:02";;84,85;170;229,6
"1970-01-01 00:00:02";;84,73;172;229,5
"1970-01-01 00:00:02";;84,06;171;229,6
"1970-01-01 00:00:02";;84,4;170;229,6
"1970-01-01 00:00:02";;84,54;171;229,5
"1970-01-01 00:00:02";;84,02;171;229,5
"1970-01-01 00:00:02";;83,64;172;229,5
"1970-01-01 00:00:02";;83,52;172;229,5
"1970-01-01 00:00:02";;83,69;172;229,6
"1970-01-01 00:00:02";;83,43;172;229,5
"1970-01-01 00:00:02";;83,39;171;229,5
"1970-01-01 00:00:02";;83,49;172;229,5
"1970-01-01 00:00:02";;83,59;172;229,5
"1970-01-01 00:00:02";;83,7;172;229,5
"1970-01-01 00:00:02";;84,35;172;229,5
"1970-01-01 00:00:02";;84,86;172;229,5
"1970-01-01 00:00:02";;84,84;172;229,5
"1970-01-01 00:00:02";;85,16;172;229,5
"1970-01-01 00:00:02";;85,75;172;229,5
"1970-01-01 00:00:02";;85,32;172;229,5
"1970-01-01 00:00:02";;84,74;172;229,5
"1970-01-01 00:00:02";;84,08;172;229,4
"1970-01-01 00:00:02";;84,38;172;229,4
"1970-01-01 00:00:02";;84,48;171;229,4
"1970-01-01 00:00:02";;84,08;172;229,4
"1970-01-01 00:00:02";;84,23;172;229,4
"1970-01-01 00:00:02";;84,32;172;229,5
"1970-01-01 00:00:02";;84,18;172;229,5
"1970-01-01 00:00:02";;83,74;173;229,5
"1970-01-01 00:00:02";;83,31;173;229,5
"1970-01-01 00:00:02";;82,99;173;229,5
"1970-01-01 00:00:02";;83,21;174;229,5
"1970-01-01 00:00:02";;82,77;174;229,4
"1970-01-01 00:00:02";;82,6;173;229,5
"1970-01-01 00:00:02";;83,43;173;229,5
"1970-01-01 00:00:02";;83,68;173;229,4
"1970-01-01 00:00:02";;83,71;174;229,5
"1970-01-01 00:00:02";;83,61;174;229,5
"1970-01-01 00:00:02";;83,62;174;229,5
"1970-01-01 00:00:02";;83,75;173;229,5
"1970-01-01 00:00:02";;84,15;174;229,6
"1970-01-01 00:00:02";;84,09;173;229,6
"1970-01-01 00:00:02";;83,96;173;229,5
"1970-01-01 00:00:02";;84,49;173;229,5
"1970-01-01 00:00:02";;84,48;174;229,5
"1970-01-01 00:00:02";;84,31;174;229,5
"1970-01-01 00:00:02";;84,22;173;229,5
"1970-01-01 00:00:02";;85,3;172;229,6
"1970-01-01 00:00:02";;85,32;173;229,5
"1970-01-01 00:00:02";;85,17;173;229,5
"1970-01-01 00:00:02";;85;173;229,6
"1970-01-01 00:00:02";;85,86;174;229,5
"1970-01-01 00:00:02";;85,89;174;229,5
"1970-01-01 00:00:02";;85,64;173;229,5
"1970-01-01 00:00:02";;85,59;173;229,5
"1970-01-01 00:00:02";;85,88;174;229,5
"1970-01-01 00:00:02";;85,76;174;229,5
"1970-01-01 00:00:02";;85,5;175;229,5
"1970-01-01 00:00:02";;85,48;175;229,4
"1970-01-01 00:00:02";;85,43;174;229,5
"1970-01-01 00:00:02";;85,44;174;229,4
"1970-01-01 00:00:02";;86,05;174;229,5
"1970-01-01 00:00:02";;86,28;175;229,4
"1970-01-01 00:00:02";;86,42;175;229,5
"1970-01-01 00:00:02";;86,83;176;229,5
"1970-01-01 00:00:02";;87,25;175;229,5
"1970-01-01 00:00:02";;87,54;175;229,5
"1970-01-01 00:00:02";;87,7;174;229,5
"1970-01-01 00:00:02";;87,33;174;229,5
"1970-01-01 00:00:02";;87,61;174;229,5
"1970-01-01 00:00:02";;88,29;175;229,5
"1970-01-01 00:00:02";;88,17;175;229,5
"1970-01-01 00:00:02";;87,93;174;229,6
"1970-01-01 00:00:02";;87,79;173;229,6
"1970-01-01 00:00:02";;87,84;172;229,6
"1970-01-01 00:00:02";;87,92;173;229,6
"1970-01-01 00:00:02";;87,21;172;229,6
"1970-01-01 00:00:02";;86,81;173;229,6
"1970-01-01 00:00:02";;87,17;174;229,6
"1970-01-01 00:00:02";;87,38;174,5;229,5
"1970-01-01 00:00:02";;87,54;175;229,5
"1970-01-01 00:00:02";;87,74;174;229,5
"1970-01-01 00:00:02";;88,18;175;229,5
"1970-01-01 00:00:02";;88,74;175;229,5
"1970-01-01 00:00:02";;88,71;176;229,5
"1970-01-01 00:00:02";;88,36;175;229,5
"1970-01-01 00:00:02";;88,22;174;229,5
"1970-01-01 00:00:02";;88,58;174;229,4
"1970-01-01 00:00:02";;88,58;175;229,4
"1970-01-01 00:00:02";;88,19;174;229,4
"1970-01-01 00:00:02";;88,35;174;229,4
"1970-01-01 00:00:02";;88,52;173;229,4
"1970-01-01 00:00:02";;88,67;174;229,4
"1970-01-01 00:00:02";;88,69;175;229,4
"1970-01-01 00:00:02";;88,99;175;229,5
"1970-01-01 00:00:02";;89,21;176;229,5
"1970-01-01 00:00:02";;88,99;175;229,5
"1970-01-01 00:00:02";;88,44;175;229,5
"1970-01-01 00:00:02";;88,24;175;229,5
"1970-01-01 00:00:02";;88,44;175;229,6
"1970-01-01 00:00:02";;88,51;175;229,6
"1970-01-01 00:00:02";;88,53;175;229,6
"1970-01-01 00:00:02";;88,72;175;229,6
"1970-01-01 00:00:02";;89,2;175;229,7
"1970-01-01 00:00:02";;88,69;175;229,6
"1970-01-01 00:00:02";;88,75;175;229,7
"1970-01-01 00:00:02";;89,21;175;229,7
"1970-01-01 00:00:02";;89,47;175;229,7
"1970-01-01 00:00:02";;89,49;175;229,7
"1970-01-01 00:00:02";;89,43;175;229,6
"1970-01-01 00:00:02";;89,64;175;229,6
"1970-01-01 00:00:02";;89,7;175;229,6
"1970-01-01 00:00:02";;89,68;174;229,6
"1970-01-01 00:00:02";;89,6;175;229,5
"1970-01-01 00:00:02";;90,13;175;229,5
"1970-01-01 00:00:02";;90,27;174;229,5
"1970-01-01 00:00:02";;90,37;175;229,5
"1970-01-01 00:00:02";;90,87;175;229,5
"1970-01-01 00:00:02";;90,82;174;229,5
"1970-01-01 00:00:02";;90,62;175;229,5
"1970-01-01 00:00:02";;90,18;175;229,5
"1970-01-01 00:00:02";;89,73;175;229,5
"1970-01-01 00:00:02";;89,11;176;229,5
"1970-01-01 00:00:02";;88,23;176;229,5
"1970-01-01 00:00:02";;87,61;176;229,5
"1970-01-01 00:00:02";;87,23;175;229,5
"1970-01-01 00:00:02";;86,86;176;229,5
"1970-01-01 00:00:02";;86,26;176;229,5
"1970-01-01 00:00:02";;85,76;176;230,2
"1970-01-01 00:00:02";;85,62;176;231,5
"1970-01-01 00:00:02";;85;176;232,9
"1970-01-01 00:00:02";;84,34;177;234,2
"1970-01-01 00:00:02";;83,7;176;235,6
"1970-01-01 00:00:02";;83,01;176;236,9
"1970-01-01 00:00:02";;82,29;176;238,2
"1970-01-01 00:00:02";;82,06;176;239,5
"1970-01-01 00:00:02";;82,05;177;224,1
"1970-01-01 00:00:02";;82,02;177;208,9
"1970-01-01 00:00:02";;81,82;178;193,5
"1970-01-01 00:00:02";;81,35;178;178,5
"1970-01-01 00:00:02";;80,88;178;164,3
"1970-01-01 00:00:02";;80,52;178;150,4
"1970-01-01 00:00:02";;79,64;178;136,9
"1970-01-01 00:00:02";;78,58;178;122,9
"1970-01-01 00:00:02";;78,29;178;108,3
"1970-01-01 00:00:02";;77,81;177;93,53
"1970-01-01 00:00:02";;77,02;177;79
"1970-01-01 00:00:02";;76,1;177;64,4
"1970-01-01 00:00:02";;75,11;177;49,8
"1970-01-01 00:00:02";;74,7;177;35,27
"1970-01-01 00:00:02";;74,19;177;20,6
"1970-01-01 00:00:02";;73,41;174;22,6
"1970-01-01 00:00:02";;72,5;174;24,67
"1970-01-01 00:00:02";;71,51;173;26,73
"1970-01-01 00:00:02";;71,31;172;28,6
"1970-01-01 00:00:02";;71,04;172;29,6
"1970-01-01 00:00:02";;70,22;171;30,27
"1970-01-01 00:00:02";;69,76;171;30,53
"1970-01-01 00:00:02";;69,62;170;30,6
"1970-01-01 00:00:02";;68,66;169;30,8
"1970-01-01 00:00:02";;67,92;169;31,13
"1970-01-01 00:00:02";;67,59;168;31,27
"1970-01-01 00:00:02";;67,19;168;31,4
"1970-01-01 00:00:02";;66,78;167;31,67
"1970-01-01 00:00:02";;66,33;166;31,73
"1970-01-01 00:00:02";;66,07;166;32,07
"1970-01-01 00:00:02";;65,95;165;32,27
"1970-01-01 00:00:02";;65,74;165;32,33
"1970-01-01 00:00:02";;65,51;164;32,47
"1970-01-01 00:00:02";;65,25;164;32,67
"1970-01-01 00:00:02";;65;163;32,73
"1970-01-01 00:00:02";;64,76;162,7;32,87
"1970-01-01 00:00:02";;64,51;162,3;33
"1970-01-01 00:00:02";;64,27;162;33,07
"1970-01-01 00:00:02";;64;161;33,13
"1970-01-01 00:00:02";;63,73;160;33,07
"1970-01-01 00:00:02";;63,47;159;33
"1970-01-01 00:00:02";;63,22;158,3;33
"1970-01-01 00:00:02";;62,98;157,7;32,93
"1970-01-01 00:00:02";;62,72;157;33
"1970-01-01 00:00:02";;62,45;156,5;33
"1970-01-01 00:00:02";;62,19;156;33,07
"1970-01-01 00:00:02";;61,93;156;33,13
"1970-01-01 00:00:02";;61,67;156;33,13
"1970-01-01 00:00:02";;61,44;155;33,07
"1970-01-01 00:00:02";;61,21;154;33,13
"1970-01-01 00:00:02";;60,97;154;33,07
"1970-01-01 00:00:02";;60,72;153;33
"1970-01-01 00:00:02";;60,47;153;33
"1970-01-01 00:00:02";;60,25;152;33
"1970-01-01 00:00:02";;60,04;152;33,13
"1970-01-01 00:00:02";;;152;33,27
"1970-01-01 00:00:02";;;151;33,4
"1970-01-01 00:00:02";;;151;33,47
"1970-01-01 00:00:02";;;150;33,6
"1970-01-01 00:00:02";;;149;33,67
"1970-01-01 00:00:02";;;149;33,81
"1970-01-01 00:00:02";;;148;33,95
"1970-01-01 00:00:02";;;148;34,08
"1970-01-01 00:00:02";;;146;34,22
"1970-01-01 00:00:02";;;146;34,36
"1970-01-01 00:00:02";;;145;34,5
"1970-01-01 00:00:02";;;;34,64
"1970-01-01 00:00:02";;;;